title,description
Advanced Life Support (ALS) First Responder Service Operating Certificate,"If you give advanced life support care, you need an operating certificate. This certificate is from the New York State Department of Health (NYSDOH). It does not let you move patients."
Ambulance Service Operating Certificate,"If you run an ambulance business, you must register with the New York State Department of Health (NYSDOH)."
Apparel Industry Certificate of Registration,Businesses that make clothes must register every year with the New York State Department of Labor (NYSDOL). This includes:
Asbestos Handler Certification,"An asbestos handler is someone who is paid to remove, repair or enclose materials that have asbestos. To do this job, you need special training from a center approved by the New York State Department of Health (NYSDOH). You also need certification from the New York State Department of Labor (NYSDOL) and the New York City Department of Environmental Protection (DEP)."
Asbestos Handler Supervisor Certification,"An asbestos handler supervisor leads the removal, repair or enclosure of materials with asbestos. To become one, you need special training from a New York State Department of Health (NYSDOH) approved center. You also need certification from the New York State Department of Labor (NYSDOL) and the New York City Department of Environmental Protection (DEP)."
Asbestos Investigator Certification,"An asbestos investigator checks buildings for asbestos-containing materials (ACM) and conducts hazard assessments for ACM. To do this job, you need a special certificate and experience or technical training."
"Assumed Name, Certificate of","If your business uses a name that is not its legal name, you need a Certificate of Assumed Name. This certificate is also called a ""doing business as"" (DBA) certificate. You must file this certificate with the New York State Department of State (NYSDOS)."
"ATV Dealer, Official Business Certificate","If you buy, sell or trade all-terrain vehicles (ATVs), you need to register with the New York State (NYS) Department of Motor Vehicles (DMV)."
Backflow Prevention Device Tester Certification,People who test backflow prevention devices need training and certification from the New York State Department of Health (NYSDOH).
Bank Holding Company Registration Certificate,"If you have a bank holding company in New York State, you must register with the New York State (NYS) Department of Financial Services (DFS)."
"Banking/Trust Company Charter, Authorization Certificate","To start a bank or trust in New York State, you need a charter from the New York State Department of Financial Services (DFS). The charter allows your company to do business."
Bedding (Used) Retailer / Wholesaler,"If your business sell used mattresses, you need a license from the New York State Department of State (NYSDOS)."
Bedding Manufacturer (New Bedding),"If your business manufactures bedding, you need a license from the New York State Department of State (NYSDOS)."
"Bedding Manufacturer, Repairer-Renovator, or Rebuilder (Used Bedding)","If your business fixes or renovates used bedding, you must register with the New York State Department of State (NYSDOS)."
"Boat Dealer, Official Business Certificate","If you buy or sell motor boats, you must register with the New York State Department of Motor Vehicles (DMV)."
"Bottled Water Facility, Certificate of Approval to Operate a","If your business bottles water, you need a special certificate from the New York State Department of Health (NYSDOH)."
"Bulk Water Facility, Certificate of Approval to Operate a","If your business sells water in bulk for human consumption, you need a certificate from the New York State Department of Health (NYSDOH)."
Business Certificate for Sole Proprietorships and General Partnerships,"If your business uses a name other than its legal name, you need a Certificate of Assumed Name from your county clerk. This certificate is also called a business certificate."
Certificate of Approval,City Fire Department
Certificate of Fitness Emergency One-Way Voice Announcement Personnel (F-53),The City Fire Department has rules for all one-way emergency voice services. Only the FDNY or building workers with an F-53 Certificate of Fitness can use these services.
Certificate of Fitness for Citywide Fire Guard For Impairment (F-01),"If a required fire protection system is not working in a building, a fire watch is needed. A person with a Certificate of Fitness must do the fire watch."
Certificate of Fitness for Citywide Sprinkler Systems (S-12),"If you inspect, test and maintain sprinkler systems in New York City, you need a Certificate of Fitness."
Certificate of Fitness for Citywide Standpipe Systems (S-13),"The City Fire Department needs anyone who inspects, tests and maintains standpipe systems in New York City to have an S-13 or S-14 Certificate of Fitness."
Certificate of Fitness for Cleaning and Testing of Smoke Detectors (F-78 / S-78),"If you test and clean smoke detectors in New York City, you need a Certificate of Fitness for Cleaning and Testing of Smoke Detectors (F-78/S-78)."
Certificate of Fitness for Commercial Cooking Exhaust System Cleaning Technician (W-64),The New York City Fire Department (FDNY) says that commercial cooking exhaust systems must be cleaned by someone with a Certificate of Fitness (W-64/P-64). This person must work for an FDNY-approved company.
Certificate of Fitness for Coordinator of Fire Safety and Alarm Systems in Homeless Shelters (F-80),"The City Fire Department says all homeless shelters need a person with a Certificate of Fitness for Coordinator of Fire Safety and Alarm Systems in Homeless Shelters (F-80). This certificate is also needed in any building or occupancy that must have a one-way voice communication system. This applies if the building is used by more than 15 people for more than 30 days, including emergency shelters."
"Certificate of Fitness for Fire Alarm Systems Inspection, Testing and Service Principal (S-97)","A principal of a company that installs, inspects, tests and services fire alarm systems in New York City needs a Certificate of Fitness for Fire Alarm Systems Inspection, Testing and Service Principal (S-97). You must know the manufacturer's recommendations for different fire alarm systems."
"Certificate of Fitness for Fire Alarm Systems Inspection, Testing and Service Technician (S-98)","A technician who installs, inspects, tests and services fire alarm systems in New York City needs a Certificate of Fitness for Fire Alarm Systems Inspection, Testing and Service Technician (S-98)."
Certificate of Fitness for Fire and Emergency Drill Conductor (F-07),The City Fire Department offers a Certificate of Fitness for Fire and Emergency Drill Conductor.
Certificate of Fitness for Fire and Emergency Drill Conductor for NYC K-12 Schools (D-10),Principals and assistant principals who lead fire drills in New York City K-12 schools must have a Certificate of Fitness for Fire and Emergency Drill Conductor (D-10).
Certificate of Fitness for Fire Guard for Shelters (F-02),You need a Certificate of Fitness to be a Fire Guard in shelters if there is no sprinkler system or if the fire protection system is not working.
Certificate of Fitness for Fire Guard for Torch Operations (F-60),A Certificate of Fitness holder must be present to watch for fires during hot work operations.
Certificate of Fitness for Fire Life and Safety Director (F89/T89),"A Fire and Life Safety (FLS) Director is needed in some buildings, including high-rise office buildings, hotels and buildings with special fire alarm systems. These buildings need a Comprehensive Fire Safety and Emergency Action Plan or are buildings that previously required Fire Safety Directors."
Certificate of Fitness for Flame Retardant Treatment (C-15),"The New York City Fire Department (FDNY) says that some places need flame-resistant decorations. These places include Groups A, E, I and M occupancies; Group R-1 college and university dorms; common areas in Groups B, R-1 and R-2 occupancies; and any building or place used for public gatherings."
Certificate of Fitness for Handling and Dispensing Flammable or Combustible Liquids in Portable Containers (S-94),You need a Certificate of Fitness to handle and dispense flammable or combustible liquids in portable containers. These liquids include motor fuels like gasoline and diesel fuel.
"Certificate of Fitness for Handling, Use and Storage of Flammable Compressed Gases (G-98)","You need a Certificate of Fitness to handle, use and store compressed flammable gases. This certificate is only valid for the person and location it is issued to."
Certificate of Fitness for Indoor Place of Assembly Safety Personnel (F-03),You need a Certificate of Fitness to help support fire safety at a place of assembly (PA) or temporary place of assembly (TPA). This certificate is for a specific person and location.
Certificate of Fitness for Low Pressure Oil Burner Operator (P-99),You need a Certificate of Fitness (CoF) to supervise an oil burner that is not fully automatic or needs preheating. The certificate holder must be in the building when the burner is on.
Certificate of Fitness for Non-Production Chemical Laboratories (C-14),"You need a permit to store, handle or use dangerous materials in a lab if you have more than 1 gallon (3.8L) of flammable liquid, more than 1 gallon (3.8L) of combustible liquid and more than 75 SCF (2.12 m3) of flammable gas."
Certificate of Fitness for Operation of Petroleum Pipeline (P-23),You need a Certificate of Fitness to operate petroleum pipelines. This certificate is only for the person it is given to. You can use it anywhere in New York City.
Certificate of Fitness for Operator of Central Station Signaling Systems (F-40),"If you work in a central station that reports fires in New York City, you need a Certificate of Fitness for Operator of Central Station Signaling Systems (F-40)."
Certificate of Fitness for Powder Actuated Tools (E-21),"You need a Certificate of Fitness to use powder actuated tools. These tools can be dangerous, so you must create a safe zone behind the work area."
Certificate of Fitness for Residential Sprinkler Systems (S-11),"You need a Certificate of Fitness from the City Fire Department. This is for people who inspect, test and maintain sprinkler systems in residential buildings or structures classified as R-2 occupancies. It is for buildings up to six stories high. These buildings can have up to 30 sprinkler heads or a compactor sprinkler system."
"Certificate of Fitness for Safe Use, Handling, Storage and Compression of Flammable Gases with Pressure Above 6 PSI (G-29)","You need a Certificate of Fitness to use, handle, store and compress flammable gases with pressure above 6 psi. This certificate is only for the person it is given to. It can be used anywhere in New York City."
Certificate of Fitness for Special Effects (E-series),"The City Fire Department offers a Certificate of Fitness for Special Effects (E-series). This includes E-01, E-02, E-03, E-04, E-05 and E-06."
Certificate of Fitness for Standpipe for Multi-Zone Systems (S-14),Buildings with multi-zone standpipe systems must be under the supervision of a person with an S-14 Certificate of Fitness. This certificate is only valid at one location and for the person who gets it.
Certificate of Fitness for Storage and Handling of Corrosives and Oxidizers (C-42),You need a Certificate of Fitness to store and handle corrosives and oxidizers. This certificate is for a specific location and person.
Certificate of Fitness for Storage and Handling of LPG or CNG (G-44),"You need a Certificate of Fitness to store or handle liquefied petroleum gas (LPG) or compressed natural gas (CNG). These gases are extremely flammable, so safety is critical."
"Certificate of Fitness for Storage, Handling and Use of Hazardous Materials (C-91)","You need a Certificate of Fitness to store, handle and use hazardous materials."
Certificate of Fitness for Supervising Dry Cleaning Facilities (C-93),You need a Certificate of Fitness to supervise dry cleaning facilities that use Class II or III solvents. The certificate is for a specific location and person.
"Certificate of Fitness for Supervising, Storage, Handling and Use of Flammable or Combustible Liquids (C-92)","You need a Certificate of Fitness to store, handle and use flammable or combustible liquids. This is required if you have a New York City Fire Department (FDNY) permit."
Certificate of Fitness for Supervision of Aerosol (W-49),You need a Certificate of Fitness if you have 100 pounds or more of aerosols. Aerosols are things like:
Certificate of Fitness for Supervision of Fire Alarm Systems and Other Related Systems (S-95),Every building with a fire alarm system needs someone physically present with an S-95 Certificate of Fitness for supervision of fire alarm systems and other related systems.
Certificate of Fitness for Supervision of Flammable and Combustible Finishing Operations (C-30),The City Fire Department offers a Certificate of Fitness to supervise flammable and combustible finishing operations:
Certificate of Fitness for Supervision of Piped Non-Flammable Medical Gases (G-71),You need a Certificate of Fitness to supervise piped non-flammable medical gases. You must handle and store these gases safely. These gases include:
Certificate of Fitness for Supervision of Portable Fueled Space Heaters at Construction Sites (S-92),You need a Certificate of Fitness to supervise portable fueled space heaters at construction sites. These heaters give temporary heat to buildings during construction.
Certificate of Fitness for Supervision of Sanitary Landfill Methane Recovery Facilities (L-19),The City Fire Department offers a Certificate of Fitness to supervise sanitary landfill methane recovery facilities:
"Certificate of Fitness for Supervision of Storage, Handling and Use of Commercial Cryogenic Systems (G-79)","You need a Certificate of Fitness to supervise the storage, handling and use of commercial cryogenic systems and liquids. You must be on-site at all times during operation if you have this certificate."
Certificate of Fitness for Temporary Indoor / Outdoor Place of Assembly Safety Personnel (F-04),You need a Certificate of Fitness to help keep fire safety at temporary events. This certificate is valid only for the person it is issued to and can be used anywhere in New York City.
"Certificate of Fitness for the Storage, Handling, Use and Refilling of Non-Flammable Gas Cylinders (G-46)","You need a Certificate of Fitness to store, handle, use or refill non-flammable gas cylinders. These cylinders are often used in health care places. Non-flammable gases include:"
Certificate of Fitness for the Supervision and Maintenance of a CNG Facility (C-99),"The City Fire Department offers a Certificate of Fitness for dispensing, supervising and maintaining a compressed natural gas (CNG) facility:"
Certificate of Fitness for the Supervision of Bulk Oil Storage Facility (P-13),You need a Certificate of Fitness to supervise a bulk oil storage facility. A certificate holder must be there when the plant is running.
Certificate of Fitness for the Supervision of Liquefied Natural Gas (LNG) Plants (C-10),The City Fire Department offers a Certificate of Fitness for the supervision of liquified natural gas (LNG) plants:
Certificate of Fitness for the Use of LPG / CNG at Outdoors Events and for Mobile Cooking (G-23),City Fire Department
Certificate of Fitness for the Use of LPG / CNG in Emergency Indoor Repairs (G-24),The City Fire Department offers a Certificate of Fitness to handle liquefied petroleum gas (LPG) or compressed natural gas (CNG):
Certificate of Fitness for Torch Use in Manufacture of Jewelry and Dental Lab Operation (G-61),You need a Certificate of Fitness to use an oxygen-fuel torch or any flammable gas torch in making jewelry and for dental lab work. You must control the pressure and flow of oxygen and natural gas to each torch.
Certificate of Fitness for Torch Use of Flammable Gases (G-60),The City Fire Department needs you to have a Certificate of Fitness to use a torch with oxygen and a flammable gas. This includes using a torch for torch-applied roofing systems.
"Certificate of Fitness for Use and Handling of LPG / CNG for Tar Kettles, Asphalt Melters and Marking Street Lines (G-40)",The City Fire Department offers a Certificate of Fitness to use and handle liquefied petroleum gas (LPG) or compressed natural gas (CNG):
Certificate of Fitness for Use of LPG or CNG in Engine Fuel Systems (G-22),City Fire Department
Certificate of Fitness to Operate and Maintain Air Compressors (A-35),The City Fire Department offers a Certificate of Fitness to operate and maintain air compressors:
Certificate of Fitness to Supervise Crane Aerial Fueling Operations at Construction Sites (P-54),You need a Certificate of Fitness to supervise aerial crane fueling at construction sites and other locations. This includes using diesel fuel or other flammable liquids.
Certificate of Fitness to Supervise Temporary Storage & Dispensing Flammable/Combustible Liquids at Movie/TV Prod.Sites (S-91),You need a Certificate of Fitness to supervise the temporary storage and dispensing of flammable or combustible liquids at movie and TV production sites.
Certificate of Fitness to Supervise the Handling and Use of Chemicals in NYC K-12 School Laboratories (D-14),All teachers who use labs in NYC K-12 schools need a Certificate of Fitness. This certificate is for handling and using chemicals. The certificate is valid only at a specific location and for the person it is issued to.
Certificate of Fitness to Supervise the Storage and Handling of Chemicals in NYC K-12 School Laboratories (D-15),All lab workers who store and handle chemicals in NYC K-12 schools need a Certificate of Fitness (D-15). This certificate is valid only at a specific location and for the person it is issued to.
"Certificate of Incorporation for Corporations, Professional Service Corporations, and Not-for-Profit Corporations",All corporations in New York State must file a Certificate of Incorporation with the New York State Department of State (NYSDOS).
Certificate of Occupancy,A Certificate of Occupancy (CO) tells you how you can legally use a building.
Certificate of Qualification for Refrigerating System Operating Engineer (Q-01),"If a refrigerating system needs a permit from the New York City Fire Department (FDNY), you need a Certificate of Qualification (Q01) to watch the system while it is running. This certificate is specific to the location."
Certificate of Registration for Expeditor (Filing Processor) Employee (R-02),City Fire Department
Certificate of Registration for Expeditor (Filing Processor) Principal (R-01),The New York City Fire Department (FDNY) requires a Certificate of Registration for Expeditor (Filing Processor) Principal (R-01) .
Certified First Responder (CFR) Certificate,"In New York State, you need a certificate to be a first responder. The Certified First Responder (CFR) Certificate comes from the New York State (NYS) Department of Health (NYSDOH)."
"Certified Home Health Agency (CHHA), Operating Certificate",Home health agencies must be certified to operate in New York State. This certificate is from the NYS Department of Health (NYSDOH).
Clinical Laboratory Director or Assistant Director Certificate of Qualification,"To be a director or assistant director of a clinical lab, you need a certificate from the Wadsworth Center of the New York State Department of Health. Laboratories must have a certified director to get a permit."
COF to Supervise the Temporary Storage and Dispensing of Flammable or Combustible Liquids at Construction Sites (S-93),You need a Certificate of Fitness (COF) to watch over the storage and use of flammable or combustible liquids at construction sites. This certificate is only valid for the person it is issued to and can be used anywhere in New York City.
Continuing Care Retirement Community & Fee-for-Service Continuing Care Retirement Community Operating Certificate,"Nursing and retirement homes need an operating certificate from the New York State Department of Health (NYSDOH). It is for facilities that offer continuing care for a fee. These places operate to improve quality of life, not to provide medical care."
"Corporation, Certificate of Incorporation in New York State","If you start a new corporation in New York State, you must file a Certificate of Incorporation with the New York State Department of State (NYSDOS)."
"Diagnostic and Treatment Center (Clinic), Operating Certificate","In New York State, diagnostic and treatment centers (clinics) need a certificate from the New York State Department of Health (NYSDOH)."
Driving School Instructor Certificate,"If you want to teach at a driving school, you need a Driving School Instructor Certificate from the New York State Department of Motor Vehicles (DMV)."
Emergency Medical Services (EMS) Certification,"To become a Certified First Responder (CFR) or an Emergency Medical Technician (EMT), you need to train with an approved course provider. The New York State Department of Health (NYSDOH) approves these providers. After you finish the training, you will get a certificate."
Enhanced Assisted Living Residence (EALR) Certification,Assisted living homes can get a special certificate called the Enhanced Assisted Living Residence (EALR) Certificate from the New York State Department of Health (NYSDOH) to provide additional care.
Environmental Laboratory Approval Program (ELAP) Certification,"The New York State Department of Health (DOH) requires commercial, noncommercial and government labs to get an Environmental Laboratory Approval Program (ELAP) Certification. This is needed to test environmental samples from New York State."
"Euthanize Animals, Certificate to",Organizations must have a certificate to euthanize animals. This certificate is issued by the New York State Department of Health (NYSDOH).
Food Processing Plant Certification,The U.S. Department of Agriculture (USDA) must check and approve all food made at a food processing plant.
Food Protection Certificate,"The NYC Health Academy offers a food protection course for restaurant managers, operators and other staff. Anyone can take this class."
Foster Care Operating Certificate,Foster care residential programs need a Foster Care Operating Certificate from the New York State Office of Child and Family Services (OCFS).
Funeral Firm Certificate of Registration,Funeral firms must register with the New York State Department of Health (NYSDOH). They must meet facility requirement. They must follow laws and rules on customer rights and the treatment of human remains.
Hazardous Substance Bulk Storage Registration Certificate,"If you want to store hazardous substances in bulk, you need a Registration Certificate. The New York State Department of Environmental Conservation (DEC) gives this certificate."
"Hospice Facility, Operating Certificate",Hospices and palliative care facilities need a certificate to operate in New York State. This certificate comes from the New York State Department of Health (NYSDOH).
"Hospital, Operating Certificate",Hospitals in New York State need two certificates: an Operating Certificate and a Certificate of Need. Both come from the New York State Department of Health (NYSDOH).
"Hypodermic Syringes and Needles, Certificate of Need to Possess",Businesses and individuals who need hypodermic syringes for professional reasons must obtain a certificate issued by the New York State Department of Health (NYSDOH).
Interior Design Certification,"In New York State, you need a license to be a ""Certified Interior Designer."" The New York State Education Department (NYSED) issues this certificate."
"Juvenile Detention Facility, Certificate to Operate",You need this certificate to run a juvenile detention facility. The New York State Office of Children and Family Services (OCFS) gives out this certificate.
"Limited Liability Company (Foreign), Certificate of Authority","If your limited liability company (LLC) is from another state, you can register for a Certificate of Authority in New York State. You need to register with the New York State Department of State (NYSDOS)."
"Long-Term Home Health Care Program (LTHHCP), Operating Certificate",Home health care programs need a certificate from the New York State Department of Health (NYSDOH).
"Mobile Laser Operator, Certificate of Competence",You need a certificate to use a mobile laser in New York State. Mobile laser operators must meet requirements for education and experience.
"Motor Vehicle Repair Shop, Official Business Certificate","If you repair motor vehicles, you need a certificate from the New York State DMV."
"Not-for-Profit, Certificate of Incorporation",Not-for-profit corporations (non-profits) must file a Certificate of Incorporation with the New York State Department of State (NYSDOS).
Nursery Dealer Registration Certificate,"If you have a business that buys or gets plant nursery stock to resell, you must register with the New York State Department of Agriculture and Markets."
Pesticide Applicator (Commercial) Certification,"If you use pesticides for a business, you need a Pesticide Applicator (Commercial) Certification. The New York State Department of Environmental Conservation (DEC) gives this permit."
Pesticide Applicator (Private) Certification,"If you use pesticides for agriculture, you need a Pesticide Applicator (Private) Certification. The New York State Department of Environmental Conservation (DEC) gives this permit."
Place of Assembly Certificate of Operation,A Place of Assembly Certificate of Operation (PA) shows that places where many people gather are safe. The Department of Buildings (DOB) issues this certificate.
Plant Grower Registration Certificate,"If you grow plants to sell, you need to register with the New York State Department of Agriculture and Markets."
Private School Agent Certificate,"If you want to recruit students for a private adult school or trade school, you need a certificate. This certificate lets you be a private school agent. The New York State Education Department (NYSED) gives out this certificate."
Processing Plant Superintendent Certification,The State Agriculture and Markets Department says every dairy business needs a certified Processing Plant Superintendent. This person makes sure the plant is clean and safe.
"Radiation Installation, Certificate of Registration for","If you install radiation equipment in New York State, you need a certificate from the New York State Department of Health (NYSDOH)."
Radiation Producing Equipment - Certificate of Registration,"If you own or use any radiation equipment for patient care, you need a Radiation Producing Equipment - Certificate of Registration from the NYC Department of Health and Mental Hygiene (DOHMH). You need this certificate to set up, keep or use the equipment. Registrations are sorted by facility and permit type. You must renew your registration every two years."
Regents Charter / Certificate of Incorporation,Educational institutions in New York need a charter or certificate of incorporation. The New York State Board of Regents gives these.
"Residential Facility for Victims of Domestic Violence, Operating Certificate","The New York State Office of Children and Family Services (OCFS) gives the Operating Certificate. This certificate is for places that help victims of domestic violence, which can be physical, emotional or financial abuse. It can happen in romantic or parent-child relationships. OCFS protects victims and checks these places."
Restricted Asbestos Handler Certification,The Restricted Asbestos Handler Certification is for workers trained at any of the New York State Department of Health approved centers. These workers are certified by the New York State Department of Labor (NYSDOL) and the New York City Department of Environmental Protection (DEP). They perform construction work in preparation for or to assist in the actual abatement work.
"Runaway and Homeless Youth Shelter, Operating Certificate",Homeless youth shelters need permits from the New York State Office of Children and Family Services (OCFS). OCFS works with the New York City Department of Youth and Community Development (DYCD) to oversee shelters in New York City.
"Safe Deposit Company Branch Office, Authorization Certificate",This certificate lets a safe deposit company open a new branch. The State Banking Department gives this certificate.
"Safe Deposit Company Charter, Authorization Certificate",This certificate lets a business run a safe deposit company.
Savings Bank Life Insurance Certificate Holder,"People or businesses that handle life insurance need a certificate. This certificate is from the New York State Department of Financial Services (DFS). With it, savings banks can have departments to sell life insurance."
"Scrap Collector, Official Business Certificate","If you collect and dispose of scrap metal from cars, you need a certificate. The New York State DMV gives this certificate. Repair shops must say they dispose of scrap on their Repair Shop application."
"Scrap Processor, Official Business Certificate",Scrap processors buy vehicles to turn them into scrap. They are certified by the New York State Department of Motor Vehicles (DMV). Processors do not sell vehicles or their parts.
Seafood Delivery Business,"If you deliver seafood in New York City, you need a Seafood Delivery Business Registration. This is for businesses that use trucks or other vehicles to deliver seafood from wholesalers to stores or other wholesalers."
Temporary Place of Assembly Certificate of Operation,Most events with limited durations need a Temporary Place of Assembly (TPA) Certificate of Operation (TPACO).
Temporary Waterfront Place of Assembly Certificate of Operation,You need a Temporary Waterfront Event Certificate for events on City-owned waterfront property. You need this certificate if:
Therapeutic Radiation (LINAC)- Certified Registration of Units,The Department of Health and Mental Hygiene (DOHMH) gives Certified Registrations. This lets you use therapeutic radiation units (LINACs) to treat people.
Water Potability Certificate,The Department of Health and Mental Hygiene issues a Water Potability Certificate to wholesale food establishments. This certificate is needed if a government agency asks for it.
Waterfront Place of Assembly Certificate of Operation,You need a special permit called a Place of Assembly (PA) Certificate of Operation if:
Wholesale Seafood Business,"You need a Wholesale Seafood Business Registration to sell seafood at a New York City public wholesale market and sell seafood for resale to the public. If you sell seafood that another business has processed and packaged, you are not a wholesaler."
Workplace Safety and Loss Prevention Consultant Certificate,You need a license to give advice on workplace safety and workers' compensation. This license is from the New York State Department of Labor.
"Yacht Broker, Official Business Certificate",This certificate lets you help someone buy or sell a boat or yacht.
Accelerated Sales Tax Exemption Program (ASTEP),The Accelerated Sales Tax Exemption Program (ASTEP) helps businesses buy equipment or make renovations without paying sales tax. The New York City Industrial Development Agency (NYCIDA) runs ASTEP.
Business Incentive Rate,The Business Incentive Rate (BIR) is an energy discount program run by the New York City Economic Development Corporation (EDC) and Con Edison. The EDC can provide BIR benefits.
Commercial and Industrial Energy Efficiency Program,The Con Edison Commercial and Industrial Energy Efficiency (CIEE) Program gives cash rebates and incentives for energy-saving projects. Projects include installing energy-efficient equipment and technology. Only Con Edison gas and electric customers can join.
Commercial Expansion Program,"The Commercial Expansion Program (CEP) helps fill occupancy in offices and industrial spaces. CEP gives property tax benefits for new, renewal and expansion leases. These spaces must be built before January 1, 1999, and must be in a special zone. Applicants must also make some physical improvements to the spaces and common areas."
Commercial Revitalization Program,The Commercial Revitalization Program (CRP) helps improve some areas of the City. It focuses on older business areas and increasing office and store use. The program's tax benefits include property tax abatements and Commercial Rent Tax reductions. Eligible buildings must be nonresidential or mixed-use built before 1975 and located in specific abatement zones.
Disabled Access Credit and Additional Tax Deduction for Barrier Removal Costs for the Disabled or Elderly,Businesses can use two federal tax incentives to help cover the costs of making access improvements for customers with disabilities or the elderly. These incentives help businesses follow the Americans with Disabilities Act (ADA).
EDC Incentives,The New York City Economic Development Corporation (NYCEDC) can help lower project costs via tax incentives and bond financing. These incentives come from two groups:
Emerging Business Enterprise (EBE) Certification Program,"The Emerging Business Enterprise (EBE) Certification Program helps businesses owned, operated and controlled by people who face social and economic disadvantages. These businesses get special help with New York City contracts. The goal is to make city contracts fairer for these business owners."
Employment Incentive Credit,"The Employment Incentive Credit (EIC) is a tax credit for businesses in New York State. If your business claims the Investment Tax Credit (ITC) and creates new jobs, you may get the EIC for the next two years."
Empowerment Zone Wage Tax Credit,The Empowerment Zone Wage Tax Credit helps businesses in special areas called Empowerment Zones. They were created to encourage business growth and economic development in low-income communities. New York City has two Empowerment Zones. One is in Upper Manhattan. The other is in the South Bronx.
Energy Cost Savings Program,"The Energy Cost Savings Program (ECSP) helps businesses save money on energy. It can cut energy costs by up to 45 percent and natural gas costs by up to 35 percent. These savings last for eight years. After that, the savings go down by 20 percent each year for four more years."
Excelsior Jobs Program,The Excelsior Jobs Program helps businesses in certain industries in New York State. Businesses can get tax credits over 10 years for investing and creating new jobs.
Food Retail Expansion to Support Health (FRESH) Program,The Food Retail Expansion to Support Health (FRESH) program helps bring grocery stores to neighborhoods that need them. It offers zoning and financial incentives to make this happen.
Green Roof Property Tax Abatement Program,"The Green Roof Property Tax Abatement gives a one-year tax break. This is for building a green roof on homes and businesses in New York City. This program helps the City's long-term sustainability plan, PlaNYC."
Incentives Estimator,"The NYC Business Incentives Estimator helps businesses find and learn about city, state, and federal incentives that are directly applicable to their operations. By answering a series of questions regarding their businesses activities, location, and size, users receive a list of incentives programs they are estimated to be eligible for. Additionally, the Incentives Estimator also provides users with pro forma calculations for estimated savings with an estimated yearly benefit schedule based on their answers. Please note that the Incentives Estimator is now updated."
Incentives for Exporters,Businesses that export or import goods can get help from the state and federal government.
Industrial and Commercial Abatement Program (ICAP),"The Industrial and Commercial Abatement Program (ICAP) helps lower property taxes for up to 25 years for industrial and commercial buildings that are updated, expanded or improved. ICAP replaced the Industrial Commercial Exemption Program (ICIP) in 2008. ICIP benefits approved before 2008 are still valid."
Industrial Business Zone Relocation Credit,"The Industrial Business Zone (IBZ) Relocation Tax Credit is a one-time tax credit. It gives $1,000 per moved worker to industrial and manufacturing firms. These firms must move to one of the City's 21 IBZs. Firms moving within an IBZ can also get this credit."
Industrial Effectiveness Program,The Industrial Effectiveness Program helps factories improve and grow. Empire State Development runs this program.
Investment Tax Credit,"Businesses in New York State can get a tax credit when they invest in buildings, machines or equipment. This credit is called the Investment Tax Credit (ITC)."
Locally Based Enterprise (LBE) Certification Program,The Locally-Based Enterprise (LBE) Certification Program helps businesses in poor areas of the city. It also helps businesses that hire economically disadvantaged people. These businesses get at least 10% of subcontracting opportunities on City construction jobs.
Lower Manhattan Energy Program,"The Lower Manhattan Energy Program (LMEP) helps property owners and business renters save money on electricity. They can save up to 45% on electricity costs. These savings last for eight years. After that, the savings go down by 20% each year for four more years."
Lower Manhattan Relocation Employment Assistance for Eligible Businesses,The Lower Manhattan Relocation and Employment Assistance Program for Eligible Businesses (LMREAP-EB) gives tax credits to businesses that move to Lower Manhattan. Your business has to move at least one employee from outside the LMREAP-EB area to a qualified location to be eligible.
Lower Manhattan Relocation Employment Assistance Program for Special Eligible Businesses,"The Lower Manhattan Relocation and Employment Assistance Program for Special Eligible Businesses (LMREAP-SEB) helps businesses that move to Lower Manhattan that do not qualify for the Lower Manhattan Relocation and Employment Assistance Program for Eligible Businesses (LMREAP-EB) because they already had employees in Manhattan before relocation. To apply, your business must move from outside the City to a qualified location."
Made in NY Marketing Credit,"The ""Made in NY"" Marketing Credit program helps film and TV shows get free co-branded ads in New York City, the U.S.'s top media market. To qualify, at least 75 percent of your film or TV show must be made in New York City."
Manufacturing Assistance Program,The Manufacturing Assistance Program provides monetary grants for manufacturing businesses. Grants are for projects to improve productivity or competitiveness.
Minority and Women-owned Business Enterprise (M/WBE) Certification Program,"The City of New York Minority and Women-owned Business Enterprise (M/WBE) Program helps you, as a minority and/or women entrepreneur, access government contracts and grow your businesses. When you get certified with the City, your business becomes more visible to buyers, including City agencies and private contractors looking to purchase goods and services."
National Grid Commercial and Industrial Efficiency Program,National Grid's Commercial and Industrial Efficiency Program helps businesses in New York City save on natural gas. This program used to be called the Economic Development Gas Rate (EDGAR).
New Markets Revolving Loan Fund,"The New Markets Revolving Loan Fund (NMRLF) is a federal program to help small business owners in low-income areas get loans. The program gives money to loan providers, then the providers must match the funds dollar for dollar."
New Markets Tax Credit Program,"The New Markets Tax Credit (NMTC) is a federal program that helps provide money for buying, building and fixing up buildings in low-income areas. This includes:"
"New York City Brownfield Incentive Grant (BIG) Program, Pre-Development Design Grant",The Pre-Development Design Grant helps with early planning for brownfield redevelopment. Brownfields are empty or underused sites where environmental contamination may complicate redevelopment or reuse. These grants help with redevelopment planning before environmental field investigation and clean up.
NYC Accelerator Services,"NYC Accelerator offers free, personalized guidance to help your building use less energy, saving you money and helping the environment. The program also helps you follow New York City's rules for cutting greenhouse gases (Local Law 97 and the Climate Mobilization Act)."
NYC BioTech Tax Credit,The Biotechnology Tax Credit helps investors and owners of qualified emerging technology companies (QETCs) focused on biotechnology to claim a tax credit for certain costs in New York City. These costs include:
NYC Clean Trucks Program,The NYC Clean Trucks Program is a rebate incentive funding program. It wascreated to reduce diesel exhaust emissions by replacing older diesel trucks.
NYCIDA Garment Center Program,The Garment Center Program is run by the New York City Industrial Development Agency (NYCIDA). It helps property owners who rent space to fashion manufacturers in the Garment District. The program gives real estate tax breaks.
NYS Thruway Commercial Charge Account Program,The Commercial Charge Account Program helps companies pay for tolls incurred in their business. The New York State Thruway Authority runs this program.
NYSERDA Agriculture Energy Audit Program,"New York State Energy Research and Development Authority (NYSERDA) helps agriculture businesses save energy. They offer energy checks for such businesses. Urban agriculture businesses such as greenhouses, vegetable growers and poultry producers can get help."
NYSERDA Commercial New Construction Program,The New York State Energy Research and Development Authority (NYSERDA) has a program called the Commercial New Construction Program (CNCP). This program helps businesses make new or renovated buildings more energy efficient. It offers technical support to building design teams and also gives financial incentives to building owners.
NYSERDA FlexTech Program,"The New York State Energy Research and Development Authority (NYSERDA) FlexTech Program helps businesses in New York State make informed energy decisions. It gives custom advice to many types of organizations. These include commercial, industrial, government and not-for-profit groups."
NYSERDA Industrial and Process Efficiency Program,The Industrial and Process Efficiency Program helps manufacturers and data centers save energy.
NYSERDA On the Job Training,"New York State Energy Research and Development Authority (NYSERDA) helps clean energy businesses hire new workers. Businesses can get up to $100,000. NYSERDA will pay 50% of a new worker's wages for up to 16 weeks. For some workers, NYSERDA will pay for up to 24 weeks."
NYSERDA Real-Time Energy Management Program,The New York State Energy Research and Development Authority (NYSERDA) runs the Real-Time Energy Management (RTEM) program.
NYSERDA Small Commercial Energy Assessments,The New York State Energy Research and Development Authority (NYSERDA) gives free energy checks to small businesses and not-for-profit groups. These checks help these organizations make smart energy choices and save energy.
NYSERDA Transportation Programs,The New York State Energy Research and Development Authority (NYSERDA) helps transportation businesses save money on energy.
Property Tax Exemption for Non Profits,Organizations can get a full or partial cut in property taxes if they use the property for certain not-for-profit purposes.
Qualified Emerging Technology Company Certification and Capital Tax Credit,The Qualified Emerging Technology Company (QETC) Certification and Capital Tax Credit gives a tax credit to some businesses.
Qualified Emerging Technology Company Employment Credit,This credit rewards companies for creating jobs.
Relocation and Employment Assistance Program,"The Relocation and Employment Assistance Program (REAP) helps businesses. It gives income tax credits for moving jobs to certain areas in New York City. If your business moves jobs from outside New York City or below 96th Street in Manhattan to areas above 96th Street or other boroughs, you can apply."
SBA 7(a) Loan Program,The U.S. Small Business Administration (SBA) offers 7(a) loans. These loans help small businesses. Commercial lenders give these loans.
SBA CDC / 504 Loan Program,The U.S. Small Business Administration (SBA) 504 loan program helps small businesses get money for new assets. These loans can be used for:
Small Business Commercial Direct Install,The Small Business Commercial Direct Install (CDI) program helps small businesses save energy. Con Edison runs this program.
Small Business Health Care Tax Credit,"The Small Business Health Care Tax Credit helps small businesses that give health care coverage to their workers. This credit is for businesses with fewer than 25 full-time workers with average wages under $50,000 a year."
Solar Electric Generating Systems Tax Abatement Program,The Solar Electric Generating Systems Tax Abatement program helps people save money on taxes who build a solar electric generating system in their homes or businesses in New York City. This program is part of the City's plan to be more sustainable. It provides an incentive for building owners to use cleaner power and cut down on pollution.
State Minority- and Women- Owned Business Enterprise Program,"The Minority- and Women-Owned Business Enterprise Program (MWBE) helps businesses owned by women and/or minorities in New York State. If you own, run and control a business as a woman or minority, you can join this program. The program gives these businesses priority for state government contracts."
Trade Adjustment Assistance Grant Program,"The Trade Adjustment Assistance Grant helps businesses impacted by foreign competition. It is for manufacturers or service firms in New York, New Jersey or Puerto Rico."
Work Opportunity Tax Credit,"The Work Opportunity Tax Credit (WOTC) is a federal tax credit. It gives employers up to $9,600 for hiring people from certain groups."
Workers with Disabilities Employment Tax Credit,This tax credit helps employers hire people with disabilities.
Boiler Permit,All boilers in New York City must be inspected and certified by the Department of Buildings Boiler Unit.
Food Safety and Inspection Regulations,"The federal government has rules for food safety covering the making and selling of food. Businesses must follow City, State and federal rules."
Hazardous Chemicals Inspection,The Fire Department of New York (FDNY) inspects for the proper storage of hazardous chemicals in New York City. These checks help keep people and buildings safe from fires caused by these chemicals.
Inspections and Testing,"The Fire Department of New York (FDNY) inspects buildings and other places in New York City. They do this to make sure that code, laws, rules or regulations are being enforced to keep the public safe."
Permanent Amusement Ride Installation and Inspections,"All amusement rides in New York City, like ferris wheels and carousels, must be inspected by the Department of Buildings (DOB). They also need a license from the Department of Consumer and Worker Protection (DCWP)."
Petroleum Measuring Devices Inspection,All devices that measure petroleum at a business must be tested and sealed. This includes:
Weighing and Measuring Devices / Inspections,The New York City (NYC) Department of Consumer and Worker Protection (DCWP) inspects scales at businesses. They make sure the scales are correct. You can ask for a scale check online or by calling 311.
Weights and Measures / Gasoline and Home Heating Oil Delivery Truck Meters,New York State and New York City have laws about weights and measures. These laws say items must be sold by their true weight or measure. The NYC Department of Consumer and Worker Protection (DCWP) inspects scales and measuring devices. This includes gas pumps and home heating oil delivery truck meters. They make sure these devices work correctly.
Weights and Measures / Retail Gas Stations,New York State and New York City have laws about weights and measures. These laws make sure items are sold by their true weight or size. The NYC Department of Consumer and Worker Protection (DCWP) inspects gas stations every year. They also look into customer complaints to make sure the laws are followed.
"Accident and Health Insurance License, Domestic",This license allows an insurer to conduct accident and health insurance business in New York State.
"Accident and Health Insurance License, Foreign",Businesses from outside New York State need this license to provide accident and health coverage in New York.
Appearance Enhancement Business or Area Renter License,"If you run a beauty business, you need a special license from the New York State Department of State (NYSDOS). This license is different from those for styling hair, doing manicures and other services."
Application for Permission to Disburse Net Proceeds of Bingo,"Nonprofit groups in New York State need permission to use money from bingo games, and they must have a license from the New York State Gaming Commission."
Application for Permission to Disburse Net Proceeds of Games of Chance,"Nonprofit groups need permission to use money from games of chance, and they must have a license from the New York State Gaming Commission."
Article 43 Corporation License (Non-Profit Health Service Corporation),"In New York State, health maintenance organizations (HMOs) and nonprofit health insurance companies need this license."
Assisted Living Residence (ALR) License,You need an Assisted Living Residence (ALR) License if your business provides certain care services. The New York State Department of Health (NYSDOH) issues this license.
Authority to Transport Household Goods,This license allows businesses move household items in New York State.
Authority to Transport Property (Except Household Goods),Businesses need this permit to transport property that is not considered a household good. Household goods are things like:
Bait License,A Bait License lets you harvest and sell certain fish and water insects as bait. The New York State Department of Environmental Conservation (DEC) gives these licenses.
Ball Park / Stadium Beer License,"Businesses need a Ball Park/Stadium Beer License to sell beer at ballparks, stadiums, racetracks and arenas. The New York State Liquor Authority (SLA) gives this license."
Barber Shop Owner or Area Renter License,"The Barber Shop Owner or Area Renter License lets you own, control or run a barber shop. The New York State Department of State (NYSDOS) gives out these licenses."
Bathing Establishment with Pool (Annual & Seasonal),"You need a permit to install, run or build any pool in New York City. This rule comes from the Department of Health and Mental Hygiene. This includes pools owned by City agencies, businesses or private groups. Examples are:"
"Bathing Establishment without Pool (Steam Room, Sauna and Spray Ground)","You need a permit to run a bathing place without a pool in New York City. This includes steam rooms, saunas and spray grounds."
Black Car Base License,The New York Taxi and Limousine Commission (TLC) offers a black car base license. This is required if you want to run a business that offers rides in New York City. This is needed for any business that sends cars to pick up people. Your base must have a TLC license to offer rides in New York City. All cars and drivers linked to your base must also have the right licenses from the TLC.
Black Car Vehicle License,The New York City Taxi and Limousine Commission (TLC) issues a black car vehicle license. You need this license to use a car for for-hire rides in New York City.
Body Damage Estimator License,"If your business assesses the cost of car body damage, you need a license from the New York State Department of Motor Vehicles (DMV)."
Booting Company License,The New York City Department of Consumer and Worker Protection (DCWP) issues a booting company license. This is needed for any business that will put a device on a parked car to stop it from moving.
Cabaret Liquor License,"If your business has musical entertainment for more than 600 people, you need a Cabaret Liquor License to serve alcohol. The New York State Liquor Authority (NYSLA) issues this license."
Captive Insurance Company License,Your business can create a company to insure your risks. You need a license from the New York State Department of Financial Services (DFS).
Car Wash License,The New York City Department of Consumer and Worker Protection(DCWP) offers a car wash license.
Catering Establishment (Liquor) License,"If your business caters private events at their place of business and serves alcohol, you need a Catering Establishment License from the State Liquor Authority (SLA)."
Check Casher License,Your business needs a license to cash checks in New York State. This license comes from the New York State (NYS) Department of Financial Services (DFS).
Coin Processing License,"If you or your business processes or exchanges coins, you need a license from the New York State Department of State (NYSDOS)."
Combo Garage and Parking Lot License,The New York City Department of Consumer and Worker Protection (DCWP) offers a license for combo garage and parking lot.
Commercial Lessor License,The New York City Department of Consumer and Worker Protection (DCWP) issues a license for commercial lessors. This is needed if your business will rent space to nonprofit groups for charitable games such as bingo and games of chance.
Commuter Van Base,"The New York City Taxi and Limousine Commission (TLC) gives licenses to businesses to run commuter vans. These vans drive people around New York City. They can carry between 9 and 20 passengers. The vans follow a set schedule. They travel between homes and places such as work, transit stations, shopping centers or recreation areas."
Commuter Van Vehicle License,A commuter van is a vehicle that can seat 9 to 20 people. The NYC Taxi and Limousine Commission (TLC) gives licenses to these vans. They can carry passengers for-hire in an Authorized Commuter Van Service.
Controlled Substance Activity License,"If your business makes, sells or uses controlled substances, you need a license from the New York State Department of Health (NYSDOH)."
Cooperative Insurance Company License,Cooperative insurance companies need this license to work in New York State. Contact the Department of Financial Services for more details.
Dealer in Products for the Disabled License,"The New York City Department of Consumer and Worker Protection (DCWP) offers a license for dealing in products for the disabled. This license is needed if you sell, rent, fix or adjust any device for the disabled. This covers braces, crutches and wheelchairs."
Debt Collection Agency License,"The New York City Department of Consumer and Worker Protection (DCWP) gives the Debt Collection Agency License. If your business collects or tries to collect personal or household debts from New York City residents, you need this license. This rule applies even if your business is outside New York State."
Driving School License,Driving schools in New York State need a license from the New York State Department of Motor Vehicles (DMV). This license lets schools:
Drug Store Off-Premise Beer / Wine Products License,"If your drug store wants to sell beer, cider or wine, you need a special license from the New York State Liquor Authority (SLA)."
Drug Store Off-Premise Beer License,"If your drug store wants to sell beer, you need a Drug Store Off-Premise Beer License from the New York State Liquor Authority (SLA)."
Eating Place Beer License,You need an Eating Place Beer License to sell beer and cider at your restaurant. This license does not let you sell wine or liquor. The New York State Liquor Authority (SLA) gives this license.
Electronic & Home Appliance Service Dealer License,You need an Electronic & Home Appliance Service Dealer license to fix or service electronic items and home appliances. This also includes off-site repairs. The New York City Department of Consumer and Worker Protection (DCWP) gives this license.
Electronic Cigarette Retail Dealer License,You need a license to sell electronic cigarettes. The New York City Department of Consumer and Worker Protection (DCWP) gives this license.
Electronics Store License,"You need an Electronics Store License if you sell electronic goods. This includes cell phones, tablets, audio equipment, video equipment, photographic equipment, computers or computer equipment, and calculators."
Employment Agency License,You need an Employment Agency License to help people find jobs for a fee. This includes helping employers find workers. The New York City Department of Consumer and Worker Protection (DCWP) gives this license.
Excess Line Broker License (Entity),A business needs this license to buy insurance from companies not licensed in New York State.
Exhibiting Exotic Animals,"You need a permit to exhibit or use any animal in New York City for business. This includes animals in theatrical performances, circuses or wildlife rehabilitator demonstrations."
Farm Winery License,A Farm Winery License lets you make and sell wine where you grow the fruit. The New York State Liquor Authority (SLA) gives this license.
Federal Firearms License,"Businesses that want to sell or make guns or bullets in the United States need a Federal Firearms License. The Bureau of Alcohol, Tobacco, Firearms and Explosives (ATF) issues out this license."
Fill Material Operation,"You need a Fill Material Operation Permit to do landfilling, grading, land improvements or changing property grades by adding fill material. The New York City Department of Sanitation (DSNY) gives this permit for construction projects in New York City."
Financial Guaranty Insurance Corporation,This license allows the organization of a domestic stock financial guaranty insurance company in New York State.
Firearm Dealer's License,You need a Firearms Dealer License to sell handguns or ammunition in New York City.
Food Processing Establishment License,Any business that sells packaged foods that are ready to eat needs a Food Processing Establishment License from the New York State Department of Agriculture and Markets.
Fraternal Benefit Society Admission License,This license lets a fraternal benefit society run an insurance business. The business can offer:
"Frozen Desserts, License to Handle Wholesale",You need this license to sell or give out frozen desserts in New York State. The New York State Department of Agriculture and Markets gives this license.
"Frozen Desserts, License to Manufacture Wholesale",You need this license to make frozen desserts in New York State. The New York State Department of Agriculture and Markets gives this license.
Games of Chance License,"The New York City Department of Consumer and Worker Protection (DCWP) issues a Games of Chance License. You need this license to run games where prizes are given based on chance. This is based on designated numbers, colors or symbols. Only certain groups can get this license. These groups include religious groups, charity groups, veterans' groups and volunteer firefighter groups."
Garage License,"You need a Garage License if your business holds five or more vehicles in a closed space. You must charge a fee, either directly or indirectly. The New York City Department of Consumer and Worker Protection (DCWP) gives out this license."
General Insurance Consultant License,You need a license to look at insurance policies for money. You also need a license to give advice about insurance.
General Vendor Distributor License,"You need a General Vendor Distributor License if you use motor vehicles to move goods to public places. These places include sidewalks, streets or plazas. This license lets you sell to a general vendor. The New York City Department of Consumer and Worker Protection (DCWP) gives this license."
General Vendor License,"You need a General Vendor License to sell, lease or offer goods or services in a public space that is not a store."
Grocery and Drug Store Beer and Wine Product License,"If you own a grocery or drug store in New York State and want to sell beer, cider or wine, you need a special license. The New York State Liquor Authority (SLA) issues these licenses. You can get the Grocery and Drug Store Beer/Wine Products License or the Grocery Store Beer/Wine Products License."
Grocery Store Beer License,"If you want to sell beer in a grocery store in New York State, you need the Grocery Store Beer License. The New York State Liquor Authority (SLA) gives out this license."
Group Family Day Care License,Group Family Day Care is child care in a family home on a regular basis. It lasts more than three hours per day per child. This care can include:
Home Improvement Contractor License,"You need a Home Improvement Contractor License to do construction, repair, remodeling or other home improvement work to any residential land or building in New York City. This includes work such as building, replacing or fixing of basements, driveways, fences, garages, landscaping, patios, porches, sidewalks, swimming pools and terraces or any other improvements to structures or land next to a home or apartment building."
Home Inspector License,Home inspectors need a license from the New York State Department of State (NYSDOS).
Horse Drawn Cab Owner License,The New York City Department of Consumer and Worker Protection (DCWP) offers a license for horse-drawn cab owners.
Horse Racing License,"If you want to participate in a horse race in New York State, you need a license. The New York State Gaming Commission gives these licenses."
Independent Adjuster License,"In New York State, you need a license to investigate and adjust insurance claims. For more information, contact the New York State Department of Financial Services (NYS DFS)."
Industrial Laundry Delivery License,You need an Industrial Laundry Delivery License if your business moves certain laundry.
Industrial Laundry License,"A business needs an Industrial Laundry License if it provides laundry services to other businesses like hotels, hospitals, restaurants, gyms and retail laundries, or runs a laundry service in connection with any commercial business, such as a hotel, restaurant or gym."
"Inspection Station License, Official Business Certificate",The New York State DMV issues licenses to inspection stations. These stations check motor vehicles to make sure they are safe and meet emissions rules.
License for Waste Removal,"You need a Trade Waste Removal License for your business to remove, collect or dispose trade waste from businesses in New York City. Trade waste includes regular waste, organic waste, recyclable materials, medical waste and waste materials resulting from building demolition, construction, alteration or excavation. The license lasts for two years."
License to Conduct Bingo Games,"Nonprofit groups need a license to conduct bingo games. They must register with the New York State Gaming Commission. After signing up, they must get a license from the New York City Department of Consumer Affairs."
License to Conduct Games of Chance,"Nonprofit groups need a license to run games of chance. First, they must register with the New York State Gaming Commission. After that, they need a license from the New York City Department of Consumer and Worker Protection (DCWP)."
Licensed Lender,This license lets lenders charge interest rates higher than those normally permitted by law.
Life Insurance Consultant License,"In New York State, you need a license to be a life insurance consultant. A consultant provides expert and professional advice on insurance. Licensed consultants cannot sell, solicit or negotiate an insurance policy, as to do so would require licensing as an agent or broker."
"Life, Accident and Health Insurance Agent License","In New York State, you need a special license to sell life and health insurance."
"Life, Accident and Health Insurance Broker License",People and companies need this license to conduct transactions involving life or health insurance.
Limited Agent License,Businesses that rent certain items need this license to offer insurance for the items rented.
Liquor Store License,"The Liquor Store License lets businesses sell cider, liquor and wine to take home. The New York State Liquor Authority (SLA) gives this license."
Livery Car Base License,The City Taxi and Limousine Commission (TLC) gives licenses to new livery bases.
Livery Car Vehicle License,A livery vehicle is a car licensed by the Taxi and Limousine Commission (TLC).
Lottery Agent License,This license lets a store sell New York State Lottery tickets. You must be 18 or older to buy a ticket.
Luxury Limo  Base License,The City Taxi and Limousine Commission (TLC) gives licenses to businesses that run luxury limos. A Luxury Limo Base uses a radio or other system to send information to drivers of TLC-licensed luxury limos.
Luxury Limo  Vehicle License,A luxury limousine is a for-hire vehicle.
Manufacturing of Frozen Desserts - Retail,"If you manufacture, process, assemble, freeze or store frozen desserts for distribution or sale to consumers, you need a permit. This permit is from the Department of Health and Mental Hygiene (DOHMH). You need this permit along with any other food permits."
Medallion Broker,A taxicab broker helps transfer a taxi license (medallion). This can be a person or a business.
"Medallion Owner, Corporation","Medallion owners have a special license. This license lets you own a car that the Taxi and Limousine Commission (TLC) approves for use as a taxi. Only medallion taxicabs can pick up people who hail them on the street, anywhere in the City. The number of medallions in the City is limited by State law. However, you can transfer a medallion by law and resell it."
Milk Dealer License,"You need a Milk Dealer License to sell, distribute or process unpasteurized milk. The New York State Department of Agriculture and Markets issues this license."
Mobile Food Vending License,The Mobile Food Vending License lets you make and sell food from a truck or pushcart. The Department of Health and Mental Hygiene (DOHMH) gives this license as a photo ID badge. There are no waiting lists to apply for this license.
"Money Transmitter, License to be a","Businesses that sell or issue ways to pay, or send and receive money by wire transfer, need a Money Transmitter License. This license comes from the New York State Department of Financial Services (DFS)."
Mortgage Guaranty Insurance Company License,Companies that sell mortgage guaranty insurance need a license in New York State. There are different licenses for companies in New York and those outside New York.
Mortgage Loan Originator License,"If you provide information for mortgage loans in New York State, you need a Mortgage Loan Originator License. The New York State Department of Financial Services (DFS) gives out these licenses."
Mutual Property / Casualty Insurance License,Businesses that sell mutual property or casualty insurance in New York State need a license. You need a separate license if your business is based outside New York State.
Newsstand License,"You need a Newsstand License to run a stand on a public sidewalk. This stand is not easy to move. It is mainly for selling newspapers and magazines. You can also sell cigarettes, lottery tickets and snacks if you have the right permits."
On Premises Liquor License,"This license lets you sell liquor, wine, cider and beer at your restaurant, tavern, nightclub, theater or other place. The New York State Liquor Authority (SLA) gives this license."
Operate a Bathing Beach,All bathing beaches in New York City need a Permit to Operate a Bathing Beach issued by the New York City Department of Health and Mental Hygiene (DOHMH).
Operating a Commercial Stable,"If you keep horses for a fee, you need a permit from the Department of Health and Mental Hygiene (DOHMH). It does not matter if the horses are private or rented (such as for riding lessons or for use with horse-drawn carriages)."
Paratransit Base License,"If you want to help people in wheelchairs, you need a Paratransit Base License. Paratransit vehicles are wheelchair-accessible vans. These vans help people who use wheelchairs or need special help in New York City. They have lifts or ramps to help people get in and out."
Paratransit Vehicle License,"To drive a Paratransit vehicle in New York City, you need a Paratransit Vehicle License. This license is for vehicles that help people in wheelchairs get around. The Taxi and Limousine Commission (TLC) gives out these licenses."
Parking Lot License,"You need a Parking Lot License if your business can hold five or more cars in an open, unenclosed space and charges a fee or other payment either directly or indirectly. The New York City Department of Consumer and Worker Protection (DCWP) gives out this license."
Pawnbroker License,"The New York City Department of Consumer and Worker Protection (DCWP) gives out the pawnbroker license. A pawnbroker, also called a ""collateral loan broker,"" is a person, partnership or company that loans money on personal items or buys personal items and sells them back at a set price. This is defined in New York State General Business Law (GBL) §52."
Pedicab Business License,The New York City Department of Consumer and Worker Protection (DCWP) offers a license for pedicab businesses.
Performing Work on a Landmarked Property,"If you own a landmark or a building in a designated historic district in New York City, you need a permit from the Landmarks Preservation Commission (LPC) before doing any work. You also need a permit from LPC for any work that needs a permit from the Department of Buildings (DOB)."
"Pet Cemetery and Pet Crematorium, License to Operate a",This license lets you run a pet cemetery or pet crematorium in New York State. The New York State Department of State (NYSDOS) gives out this license.
Pet Dealer License,"If you sell more than nine dogs or cats each year, you need a Pet Dealer License. The New York State Department of Agriculture and Markets gives out this license."
Petting Zoos,"If you want to run a petting zoo in New York City, you need a permit from the Department of Health and Mental Hygiene (DOHMH) Office of Veterinary Public Health Services (VPHS)."
Private Community Sewage Disposal System,You need this permit to build and run private sewage systems in subdivision realty developments with 15 or more homes.
Private Investigator Branch Office License,Branch offices for private investigators need their own licenses. The New York State Department of State (NYSDOS) gives these licenses.
Process Serving Agency License,"You need a Process Serving Agency License if you or your business assigns, distributes or delivers process to another for actual service. The New York City Department of Consumer and Worker Protection (DCWP) gives this license."
Property / Casualty Insurance Agents and Brokers,"To sell or manage property insurance in New York State, you need a license. There are two types of licenses:"
Public Adjuster License,"If you want to negotiate settlements for people with fire damage claims, you need a public adjuster license."
Radioactive Materials License,Businesses that use radioactive materials need a license. This license comes from the New York State Department of Health (DOH). These materials can be used for business or science.
Radiological Materials Licensing,"The New York City Department of Health and Mental Hygiene (DOHMH) controls the possession and use of radioactive material in New York City. The DOHMH does this for the United States Nuclear Regulatory Commission. The DOHMH Office of Radiological Health checks and licenses materials for medical, academic and research use in the City."
Raw Milk Dealer License,Dairy farmers need a Raw Milk Dealer License to sell raw milk. The New York State Department of Agriculture and Markets gives this license.
"Real Estate Branch Office, License to Operate a",This permit lets a real estate broker run a branch office. Each branch office needs its own permit.
Reciprocal Insurance License,Businesses in a reciprocal insurance arrangement need a license. There are different licenses for businesses inside and outside New York State.
Reinsurance Intermediary License,"If you sell or negotiate reinsurance contracts, you need a license. This rule is for both businesses and individuals. Each must have a separate license."
Restaurant Wine License,The State Liquor Authority (SLA) gives this license to restaurants. It lets them sell wine and beer. They cannot sell liquor. Customers can drink these on the premises.
Retail Food Store License,"If you sell food for people to take home, you need a Retail Food Store License. This includes selling foods like milk, eggs and meat. The New York State Department of Agriculture and Markets gives out this license."
Rifle / Shotgun Dealer License,"A Rifle / Shotgun Dealer's License is needed for any business that sells rifles, shotguns or ammunition in New York City."
Sale of Small Animals (Pet Shops),"Pet shops that sell animals need a permit from the NYC Department of Health and Mental Hygiene (DOHMH). Starting December 15, 2024, pet shops cannot sell dogs or cats."
Scale Dealer or Repairer License,"You need a Scale Dealer or Repairer license to trade, sell, receive or repair used weighing or measuring devices. The New York City Department of Consumer and Worker Protection (DCWP) gives this license."
Scrap Metal Processor License,"You need a Scrap Metal Processor license to run a business that buys, processes and ships scrap metal. This includes both ferrous and non-ferrous scrap. The New York City Department of Consumer and Worker Protection (DCWP) issues this license."
Secondhand Dealer Auto License,A Secondhand Dealer Auto license is required to buy or sell secondhand automobiles. The New York City Department of Consumer and Worker Protection (DCWP) issues this license.
Secondhand Dealer General License,"If you buy or sell used goods in New York City, you need a Secondhand Dealer General license. This does not include cars. The New York City Department of Consumer and Worker Protection (DCWP) gives out this license."
Sightseeing Bus License,The New York City Department of Consumer and Worker Protection (DCWP) issues a license for sightseeing buses. You need this license to drive a bus with eight or more paying passengers. This includes trips to places of interest or amusement or special trips starting in New York City.
Slaughterhouse License - Poultry/Small Animals,"If you sell domestic animals or birds, you need a Slaughterhouse License from the New York State Department of Agriculture and Markets."
Small Arms Firing Range Designation,"If you want to run a small arms firing range in New York City, you need a Small Arms Firing Range Permit. The New York City Police Department gives out these permits."
Stoop Line Stand License,"You need a Stoop Line Stand license to sell fruits, vegetables, soft drinks, flowers, candy or ice cream from a stand outside and next to your store. The New York City Department of Consumer and Worker Protection (DCWP) issues this license."
Storage Warehouse License,You need a Storage Warehouse License if your business stores people's household goods for a fee. You need a separate license for each place that your stores these goods. Self-storage businesses do not need this license. The New York City Department of Consumer and Worker Protection (DCWP) gives out this license.
"Summer, Day, Overnight, Traveling or Municipal Camps for Children",You must send new permit and renewal applications to the NYC Department of Health and Mental Hygiene. Do this at least 90 days before the camp opens.
Tavern Wine License,This license lets you sell wine and beer for people to drink at your place. You cannot sell liquor with this license. Your place must not be a full restaurant with a full kitchen. The New York State Liquor Authority (SLA) gives this license.
Taxi Meter Shop License,You need a Taxi Meter Shop Business License if your company works with taxi meters for New York City Medallion Cabs.
Taxicab License Transfer Tax,"If you sell a taxicab license, the buyer must pay the transfer tax. If the buyer does not pay, the seller must pay the tax."
Temporary Amusement Rides,"The City inspects and licenses amusement rides at street fairs, block parties and special events. This is to ensure the safety of operators and riders. All amusement rides must pass a check by the Department of Buildings (DOB) before use. Examples of rides are:"
"Ticket Reseller Branch Office, License to Operate a",Ticket resellers need a license to run branch offices. This license comes from the New York State Department of State (NYSDOS).
Ticket Reseller License,"Businesses that resell tickets, people who resell tickets, and websites that resell tickets need a license from the New York State Department of State (NYSDOS)."
Ticket Seller Business License,"You need a Ticket Seller Business license to sell, give or transfer any ticket to a person or company for them to sell in a public space. The New York City Department of Consumer and Worker Protection (DCWP) gives out this license."
Tissue Bank Operation License,"Facilities need a Tissue Bank Operating License to test, preserve or handle human tissue. This license is from the Wadsworth Center at the New York State Department of Health."
Tobacco Retail Dealer License,The New York City Department of Consumer and Worker Protection (DCWP) offers a license for tobacco retail dealers. You need this license to sell cigarettes or tobacco products to people.
Tow Truck Company License,"You need a Tow Truck Company License if your business moves or removes disabled cars, illegally parked cars, abandoned cars or cars in accidents. The New York City Department of Consumer and Worker Protection (DCWP) issues this license."
Trade Association Application,You need a Trade Association Registration to work in a New York City public wholesale market. This group should help manage or promote the market or businesses in the market.
Warehouse (Food) License,You need a Warehouse (Food) License to store food for commercial distribution. The New York State Department of Agriculture and Markets gives this license.
Warehouse/Locker Plant (Refrigerated) License,"If you rent cold storage space for food, you need a license. This license is from the New York State Department of Agriculture and Markets."
"Watch, Guard, or Patrol Agency License","If you want to run a security service business in New York, you need a license. This includes watch, guard and patrol agencies. The New York State Department of State (NYSDOS) gives out these licenses. You can get a license as a person or for your business."
Wholesale Cigarette Dealer Other Than Those Who Only Operate Vending Machines License,You need this license to sell cigarettes and tobacco products in bulk. The New York State Department of Taxation and Finance (DTF) gives out this license.
Wholesale Cigarette Dealer Who Only Operates Vending Machines License,You need this license if you sell cigarettes and tobacco products to vending machine operators. The New York State Department of Taxation and Finance (DTF) gives out this license. One license covers all of your business locations.
Wholesale Cigarette License,The City Finance Department gives licenses to wholesale cigarette dealers. There are three types of dealers:
Wine Store License,This license lets businesses sell wine to take home. It does not cover liquor or beer. The New York State Liquor Authority (SLA) gives this license.
Acupuncture Professional License,"If you want to do acupuncture in New York, you need a license from the New York State Education Department (NYSED)."
Apartment Sharing Agent,"If you help people find roommates, you need a license from the New York State Department of State (NYSDOS)."
Architect License,Architects need a license from the New York State Education Department (NYSED). The license requirements depend on your education and your supervised architectural work experience.
Asbestos Handling License,Businesses that work with asbestos need a license from the New York State Department of Labor.
Attorney/Legal Information,"To be an attorney in New York State, you must pass the Bar Exam. You need to have completed at least some formal legal studies to take the Bar Exam."
Audiologist Professional License,Audiologists and speech-language pathologists need licenses from the New York State Education Department (NYSED).
Bail Bond Agent License,You need a Bail Bond Agent License to write bail bonds for an insurer. The New York State Department of Financial Services (DFS) gives this license.
Barber (Master) License,A Master Barber License lets you work as a barber. This license is from the New York State Department of State (NYSDOS).
Barber Apprentice License,A Barber Apprentice License lets you work and train with a licensed barber. The New York State Department of State (NYSDOS) gives this license.
Bingo Game Operator License,The New York City Department of Consumer and Worker Protection (DCWP) offers a license for bingo game operators. This license is needed for any nonprofit group that wants to run bingo games. For-profit groups cannot get this license. Bingo games involve matching numbers or symbols on a card with those chosen at random. Winners get prizes.
Budget Planner's License,"In New York State, budget planners need a license from the New York State (NYS) Department of Financial Services (DFS). Budget planners help people pay off their debt by making contracts with clients."
Certified Public Accountancy Professional License,"Accountants, including Certified Public Accountants (CPAs), must be licensed to practice in New York State. The New York State Education Department (NYSED) gives out these licenses. You need this license to call yourself a CPA."
Class A Photo Identification,You need a Class A Photo Identification card to work at the New Fulton Fish Market. These cards do not expire.
Class B Photo Identification,You need a Class B Photo Identification card to work at the New Fulton Fish Market or other markets that the Business Integrity Commission regulates. These cards do not expire.
Clinical Laboratory Technician Professional License,"To work as a clinical laboratory technician in New York State, you need a license from the New York State Education Department (NYSED)."
Clinical Laboratory Technologist Professional License,"To work in a clinical lab in New York State, you need a license from the New York State Education Department (NYSED). This license lets you test blood and body fluids."
Commercial Driver License,"In New York State, you need a Commercial Driver License (CDL) to drive a truck or other commercial vehicle. The New York State Department of Motor Vehicles (DMV) issues the CDL. Before you can apply for a CDL, you must have a regular driver's license."
"Commercial Driver License - ""S"" School Bus Endorsement","If you have a New York State Commercial Driver License (CDL), you need an ""S"" (school bus) endorsement to drive school buses."
Commercial Driver License - Bus Driver Part 19-A Application,"If you have a Commercial Driver License (CDL) and want to drive a bus, you need to apply for a Bus Driver License under Article 19-A. This rule does not apply to school bus drivers."
Commercial Driver License - Metal Coil Endorsement,"Commercial drivers in New York State need a Metal Coil Endorsement to transport metal coils. The endorsement is needed if the weight of a single coil is 5000 lbs or more, or if more than one coil weighs 5000 lbs or more when bundled together."
Commuter Van Driver License,A commuter van driver gets a license from the Taxi and Limousine Commission (TLC). The driver can carry passengers for money. The van must have seats for at least 9 but not more than 20 passengers.
Cosmetology License,"People who do nails, hair, waxing and beauty treatments need a cosmetology license from the New York State Department of State (NYSDOS)."
Cytotechnologist Professional License,You need a license to work as a cytotechnologist in New York State. The New York State Education Department (NYSED) issues this license.
Dental Anesthesia / Sedation,Dentists need a certificate from the New York State Education Department (NYSED) to use anesthesia.
Dental Assistant Professional License,Dental assistants need a license from the New York State Education Department (NYSED) to work in New York State. Assistants must be supervised by a licensed dentist.
Dental Hygienist Professional License,Dental hygienists need a license from the New York State Education Department (NYSED) to work in New York State. Hygienists must be supervised by a licensed dentist.
Dentist Professional License,Dentists need a Dentist Professional License to work in New York State. This license comes from the New York State Education Department (NYSED).
Dietician / Nutritionist Professional License,You need a license to work as a dietician or nutritionist in New York State. The New York State Education Department (NYSED) issues these licenses. You must meet certain education and experience requirements to get the license.
Electrician License,"To do electrical work in New York City, you need a license from the Department of Buildings. There are two types of licenses:"
Emergency Medical Technician-Basic,You can become a Basic Emergency Medical Technician (EMT) in New York State. The New York State Department of Health (NYSDOH) gives this certification.
Emergency Medical Technician-Critical Care,"If you are an EMT with a Basic certification, you can get a Critical Care certification. This certification is from the New York State Department of Health (NYSDOH)."
Emergency Medical Technician-Intermediate,"If you are an EMT with a Basic certification, you can get an Intermediate certification. This certification is from the New York State Department of Health (NYSDOH)."
Emergency Medical Technician-Paramedic,"The New York State Department of Health (NYSDOH) offers a Paramedic certificate, also called the Advanced Emergency Medical Technician (AEMT-P) certificate. It is the highest level of certification for pre-hospital emergency care."
Esthetics License,"If you want to perform beauty treatments, you need an Esthetics License from the New York State Department of State (NYSDOS)."
"Euthanize Animals, Certification as a Technician to",This permit lets you get materials for euthanizing an animal. The substance must come from a registered facility and its agent.
Excess Line Broker License (Individual),"You need this license to get insurance from companies not licensed in New York State. You must pay fees to the State, with the amount of fees depending on where you live."
"Funeral Director, Embalmer, and Undertaker Licensing Requirements","Funeral directors, embalmers and undertakers need licenses. These licenses come from the New York State Department of Health (NYSDOH)."
General Contractor,"If you are a general contractor who supervises construction work or demolition, you need to register with the New York City Department of Buildings (DOB)."
Guide License,"If you want to be a wilderness guide, you need a Guide License. The New York State Department of Environmental Conservation (DEC) issues this license."
Hearing Aid Dispenser,Businesses that provide hearing aids must register with the New York State Department of State. Licensed audiologists alone do not meet this rule. A separate registration is needed to sell hearing aids. Businesses need both registrations.
High Pressure Boiler Operating Engineer License,"You need a High Pressure Boiler Operating Engineer License to run high-pressure boilers in New York City. This license is for both stationary and portable boilers. For more details, contact the Department of Buildings."
Hoisting Machine Operator License,You need a Hoisting Machine Operator License to use a crane or other hoisting machine in New York City. The Department of Buildings gives out this license.
Horse Drawn Cab Driver License,The New York City Department of Consumer and Worker Protection (DCWP) offers a license for horse-drawn cabs. You need this license to drive a horse-drawn cab in New York City.
Inspector Certification,You need an Inspector Certificate to inspect motor vehicles. The New York State Department of Motor Vehicles (DMV) gives this certificate.
Landscape Architect License,"If you want to work as a landscape architect in New York State, you need a license. The New York State Education Department (NYSED) issues this license."
Locksmith Apprentice License,You need a Locksmith Apprentice License to learn the trade of locksmithing. You must work under a licensed locksmith. The New York City Department of Consumer and Worker Protection (DCWP) gives this license. You must be employed by a DCWP-licensed locksmith to apply.
Locksmith License,"You need a Locksmith License to fix, service, install, check and open and close locks. The New York City Department of Consumer and Worker Protection (DCWP) gives this license."
Massage Therapy License,"To work as a massage therapist, masseur or masseuse in New York State, you need a Massage Therapy License. The New York State Education Department (NYSED) gives this license."
Master Fire Suppression Piping Contractor License,"You need a Master Fire Suppression Piping Contractor License (Class A, B and C) to work on fire suppression-related plumbing in New York City. This includes:"
Master Plumber License,A master plumber can perform or oversee plumbing work in New York City. The Department of Buildings (DOB) gives this license.
Medallion Agent,A TLC licensed agent helps run a taxicab. They can work for one or more owners. They can be employees or work through contracts.
"Medallion Owner, Individual","Medallion owners have a special license. This license lets you own a car that the Taxi and Limousine Commission (TLC) approves for use as a taxi. A medallion taxi is the only car that can pick up people who hail them on the street, anywhere in the City. The number of medallions in the City is limited by State law. However, you can transfer a medallion by law and resell it."
Medical Physics Professional License,Medical physicists need a license to work in New York State. The New York State Education Department (NYSED) gives out this license.
Medical Specialist Assistant Professional License,"Medical specialist assistants help doctors. In New York State, you need a license to be a medical specialist assistant. The New York State Education Department (NYSED) issues these licenses."
Mental Health Practitioner Professional License,"In New York State, mental health counselors need a license from the New York State Education Department (NYSED)."
Midwifery Professional License,Midwives need a license from the New York State Education Department (NYSED).
Mortgage Banker License,You need this license to make mortgage loans in New York State and act as a mortgage banker. It is for anyone who makes three or more mortgage loans in a year.
Mortgage Guaranty Insurance Agent License,"In New York State, you need a license to be a mortgage guaranty insurance agent. There are different licenses for companies and people."
Mutual Life Insurer License,You need a license to sell mutual life insurance in New York State. Separate licenses are needed if your business is based inside and outside New York State.
Nail Specialty License,A Nail Specialty License lets you work on nail appearance. You get this license from the New York State Department of State (NYSDOS).
Natural Hair Styling License,"If you want to style hair, you need a license from the New York State Department of State (NYSDOS). This license is for people, not businesses. Businesses need a different license."
Notary Public Commission,"To be a notary in New York State, you need a license from the New York State Department of State (NYSDOS)."
Nurse Practitioner,A nurse practitioner is a Registered Nurse with special certification from the New York State Department of Education.
Nurse Registered Professional (RN) License,"To be a Registered Nurse (RN) in New York, you must register with the New York State Education Department."
"Nurse, Licensed Practical (LPN)","Licensed Practical Nurses (LPNs) help care for patients. They work under a Registered Nurse or a doctor. To be an LPN in New York State, you need a license. The New York State Education Department (NYSED) gives this license."
"Nursing Home Administrator, License to Practice",You need a Nursing Home Administrator License to run a nursing home. This license is from the New York State Department of Health (NYSDOH).
Nursing Home Nurse Aide Certification,Nurses need a certificate to work in a nursing home. This certificate comes from the New York State Department of Health (NYSDOH).
Oil-Burning Equipment Installer License,You need an Oil-Burning Equipment Installer License (Class A and B) to get a construction permit for oil-burning equipment installation or to perform such work in New York City. Contact the Department of Buildings for more information.
Ophthalmic Dispensing Professional License,"To get this license, you need to meet certain educational, experience and exam requirements. If you are waiting to take the exam, you can get a limited permit. This permit lets you work under a licensed doctor, optometrist or optician."
Optometry Professional License,"To get this license, you need to meet various requirements. You must have a four-year Doctor of Optometry degree. If you have a license from another state, you can transfer it to New York."
Paratransit Car Driver License,You need a Paratransit Driver's License to drive a Paratransit car. These cars help people in wheelchairs get around New York City.
Pedicab Driver License,The New York City Department of Consumer and Worker Protection (DCWP) offers a license for pedicab drivers.
Pharmacist Professional License,Pharmacists in New York need a license from the New York State Education Department (NYSED).
Physical Therapist Professional License,Physical therapists need a license to work in New York State. The New York State Education Department (NYSED) gives this license.
Physician / Doctor Professional License,"To work as a doctor in New York, you need a license from the New York State Education Department (NYSED)."
Podiatrist Professional License,Podiatrists need a license to work in New York State. The New York State Education Department (NYSED) gives this license.
Press Credential,"The Press Credentials Office (PCO) of the Mayor's Office of Media and Entertainment gives out press credentials, or press cards."
Private Investigator's License,Private investigators need a license in New York State. The New York State Department of State (NYSDOS) gives this license.
Private School Director License,You need a license to be a director of a private school. The New York State Education Department (NYSED) gives this license.
Private School License,Private schools for adults need a license. The New York State Education Department (NYSED) gives this license.
Private School Teacher License or Permit,"To teach in a private school in New York, you need a license. The New York State Education Department (NYSED) gives out these licenses."
Process Server Individual License,"You need a Process Server Individual License if you serve, personally or by substitute service, five or more legal papers in a year. The New York City Department of Consumer and Worker Protection (DCWP) gives this license."
Psychoanalyst Professional License,Psychoanalysts need a license from the New York State Education Department (NYSED). This license lets you work as a psychoanalyst in New York State.
Psychologist Professional License,Psychologists need a license from the New York State Education Department (NYSED). This license lets you work as a psychologist in New York State.
Radiologic Technologist License,"To use radiologic technology on people, you need a Radiologic Technologist License. This license comes from the New York State Department of Health (NYSDOH)."
Real Estate Appraiser,Real estate appraisers in New York State need licenses. These licenses come from the New York State Department of State (NYSDOS).
Real Estate Broker Associate License,This license lets a real estate broker work under another broker. New York accepts broker licenses from other states.
Real Estate Broker License,Real estate brokers need a license to work in New York State. This license comes from the New York State Department of State (NYSDOS).
Real Estate Salesperson License,People who sell real estate in New York need a license. The New York State Department of State (NYSDOS) gives this license.
Respiratory Therapist Professional License,You need a license to work as a respiratory therapist in New York State. The New York State Education Department (NYSED) gives this license.
Respiratory Therapy Technician Professional License,You need a license to work as a respiratory therapy technician in New York State. The New York State Education Department (NYSED) gives this license.
Rigger License,You need a Rigger License to hoist or lower any item on the outside of a building in New York City. The Department of Buildings issues this license.
"Security or Fire Alarm Systems, License to Install, Service or Maintain",You need a license to install or maintain security or fire alarm systems. This license comes from the New York State Department of State (NYSDOS).
Sightseeing Guide License,"You need a Sightseeing Guide license to guide or direct people to any place or point of interest or to describe, explain or lecture about any such place to any person in connection with a sightseeing trip or tour within the City."
Sign Hanger License,You need a Sign Hanger License to get a construction permit or to hang or attach signs in New York City. There are two types of licenses:
Tattoo Artist License - Temporary,"If you want to work as a tattoo artist in New York City for up to seven days, you need a Temporary Tattoo Artist License. You must work under someone with a valid full-term Tattoo Artist License from the Department of Health and Mental Hygiene (DOHMH)."
Tattoo License,You need a Tattoo License to work as a Tattoo Artist in New York City. This license helps stop the spread of diseases.
Ticket Seller Individual License,"You need a Ticket Seller license if you sell tickets in a public space. This includes selling, giving or transferring tickets to another person for sale in a public space. The New York City Department of Consumer and Worker Protection (DCWP) issues this license."
TLC Driver License,The TLC Driver License lets you drive a taxi or for-hire vehicle. This includes:
Tow Truck Driver License,"You need a Tow Truck Driver License to move or remove cars. This includes cars that are disabled, parked illegally, abandoned or in accidents. You need this license if you do this work for money in New York City. The New York City Department of Consumer and Worker Protection (DCWP) gives out this license."
Veterinary Medicine Professional License,Veterinarians need a license to work in New York State. The New York State Education Department (NYSED) gives this license.
Waxing License,You need a license to offer wax or hair removal services. This license comes from the New York State Department of State (NYSDOS).
Welder License,You need a Welder License to do structural welding in New York City. The Department of Buildings issues this license.
Wholesale Tobacco Products Dealer License,You need this license if you sell tobacco products other than cigarettes. The New York State Department of Taxation and Finance gives out this license. You also need this license if you run vending machines for tobacco products.
Working (Rental) Horse License,All working horses need a license from the Department of Health and Mental Hygiene's Office of Veterinary Public Health Services (VPHS).
Adding Chemicals to Water Supply - Permit,You need this permit for your business to chemically treat the drinking water supply within a building. This permit lets you add chemicals only for:
Air Permits,Businesses in New York City may need an Air Permit issued by the Department of Environmental Protection (DEP). You need this permit if you use equipment or do activities that the New York City Air Pollution Control Code (Air Code) regulates.
Air Pollution Control - State Facility Permit,"Businesses that release pollutants into the air need permits from the New York State Department of Environmental Conservation (DEC). If your facility emits pollutants at certain levels, you must get a State Facility Permit."
Air Pollution Control - Title V Facility Permit,"Businesses that release pollutants into the air need permits from the New York State Department of Environmental Conservation (DEC). If your business emits pollutants at high levels, you need a Title V Permit."
Alcoholic Beverage Transportation Permit,"If your business moves alcoholic drinks in, to or from New York State, you need a permit from the New York State Liquor Authority (SLA). The type of permit you need depends on how you move the alcohol and how long you need the permit."
Apartment Information Vendor Permit,"If you give information about apartment rentals, you need a license. This license comes from the New York State Department of State (NYSDOS)."
Armored Car Carrier Permit,Businesses that use armored cars for hire need a permit from the New York State Department of State (NYSDOS).
Armored Car Guard Permit,"If you work as an armed guard for an armored car business, you need to register with the New York State Department of State (NYSDOS)."
Bail Enforcement Agent Permit (Bounty Hunter),"Bail enforcement agents, also called bounty hunters, need a license from the New York State Department of State (NYSDOS)."
Barber Shop Permit,The Department of Health and Mental Hygiene (DOHMH) gives Barber Shop Permits. This permit lets you run a barber shop in New York City. Barbers cut hair and trim or shave mustaches and beards. The shop owner must file the application.
"Building Water Tank Cleaning, Painting and Coating Permit","You need this permit to clean, paint or coat water tanks in buildings. These tanks hold drinking water."
"Campground or Travel Trailer Park, Permit to Operate",You need a permit to run a campground or travel trailer park in New York State. The New York State Department of Health (NYSDOH) issues this permit.
Canopy Permit,"You need a permit from the Department of Transportation (DOT) to install or maintain a canopy on a sidewalk at the entrance to a building or business. A licensed professional must install the canopies. Before installation, you must get approval from the NYCDOT Highway Inspection Quality Assurance Unit."
Caterer's Alcohol Permit,"If you cater events at places without a liquor license, you need a Caterer's Alcohol Permit to serve alcoholic beverages. This permit is for one event only. The New York State Liquor Authority (SLA) issues this permit."
Clinical Laboratory and/or Blood Bank Permit,"In New York State, clinical labs and blood banks need permits. The Wadsworth Center at the New York State (NYS) Department of Health gives these permits."
Construction Permits,"The Department of Buildings reviews construction plans. They make sure the plans follow the Building Code and meet current safety and zoning requirements. After the plans are approved, a contractor may apply for a construction work permit."
Crocodilian Permit,"If you sell products made from alligators, crocodiles or similar animals, you need a Crocodilian Permit from the New York State Department of Environmental Conservation (DEC)."
Daily Over-Dimensional Permit,"If your vehicle is too big or heavy, you need a Daily Over Dimensional Permit to drive in New York City."
Divisible Load Overweight Permit,Vehicles that are too heavy for New York State roads need a permit from the New York State Department of Transportation (NYSDOT).
Domestic Animal Health Permit,"Businesses that buy, deal or sell domestic animals need a Domestic Animal Health Permit. The New York State Department of Agriculture and Markets gives this permit."
Endangered and Threatened Species Licensing and Permitting,Businesses need special licenses to work with endangered species in New York State. This includes both dead and live animals.
Express Lane Permits,"The Express Lane Permit is for ambulettes, commuter vans, shuttles, and other mass transit fleets. This permit allows these vehicles to use the high occupancy vehicle (HOV) lanes leading to the Queens Midtown and Brooklyn Battery Tunnels."
Fill Work Permit (Federal),You need a Fill Work Permit to dump or place fill material in navigable waters. The New York State Department of Environmental Conservation (DEC) and the U.S. Army Corps of Engineers (ACE) give these permits. You must send an application to both the ACE and DEC.
Food Service Establishment Permit,"A food service establishment is a place where food is given to people, whether sold or free, and whether eaten on-site or taken away."
Green Cart Permit,New York City started the Green Cart Permit program. It helps people get fresh fruits and vegetables.
Group Child Care Center-Based Permit,A Group Child Care program provides care to three or more kids under six years old. The care is for five or more hours each week. It is also for more than 30 days in a year. The program usually runs in a place that is not a home.
Highway Work Permit for Non-Utility Work,"If you need to work on a state-managed road and it does not involve utilities, you need a permit from the New York State Department of Transportation (NYSDOT)."
Highway Work Permit for Utility Work,"If you need to work on a state-managed road and utilities are involved, you need a permit from the New York State Department of Transportation (NYSDOT)."
Hotel Beer Permit,This license lets hotels sell beer to customers. They can drink it on-site. The New York State Liquor Authority (SLA) gives the Hotel Beer License.
Hotel Liquor Permit,This license lets hotels sell alcoholic drinks to customers. Customers can drink these on-site. The New York State Liquor Authority (SLA) gives out this license.
Hotel Wine Permit,This license lets hotels sell wine or beer to customers. They can drink it on-site. The New York State Liquor Authority (SLA) gives the Hotel Wine License.
"Industrial Homework, Permit to Distribute",Businesses need a permit to give workers industrial jobs to do at home. This permit is from the New York State Department of Labor (NYSDOL).
Industrial Wastewater Discharge Permit,Businesses that discharge industrial wastewater must follow the Sewer Use Regulations in Title 15 of the Rules of the City of New York (RCNY) Chapter 19.
Land Contour Permit,"If you do land contour work in private or public property whose watershed contains public roadway or sidewalk, you need a Land Contour Permit from the Department of Transportation (DOT)."
Liquidator's Permit,A Liquidator's Permit lets a closing business sell its products to other businesses. The New York State Liquor Authority (SLA) gives this permit.
"Living Animals, Laboratory Permit for the Use of","Labs that use animals for research need a permit. This permit comes from the New York State Department of Health (NYSDOH). Labs must also follow all local, federal and other laws against cruelty to animals."
Marine Hatchery Permit,"If you own, raise or breed marine life, you need a Marine Hatchery Permit to sell your products. This permit is from the New York State Department of Environmental Conservation (DEC). The permit covers fish and shellfish."
Mobile Food Vending Unit Permit (Full-Term),You need a Mobile Food Vendor (MFV) permit to make and sell food from a cart or truck.
Non-Retail Food Processing Establishment Permit,"You need a permit from the NYC Health Department to run a Non-Retail Food Processing Establishment in New York City that processes, prepares, stores or packs food. The food is not sold directly to people."
Non-Tobacco Hookah Establishment Permit,The Smoke-Free Air Act of 2002 says you cannot serve or smoke shisha containing tobacco in NYC restaurants and bars. An amendment to this law also bans serving or smoking non-tobacco shisha unless you have a permit.
OFTB Optional Permit,"You do not need a permit from the Office of Film, Theatre and Broadcasting (OFTB) for all activities."
Permit to Install Sewer House Connection,A Permit to Install Single/Multiple Premises(s) Sewer House Connection lets you connect a new house sewer to a City or private sewer.
Permit to Manufacture and / or Wholesale Alcoholic Beverages,Businesses need a permit to make or wholesale alcohol in New York State. The New York State Liquor Authority (SLA) gives these permits.
Permit to Manufacture Frozen Desserts - Wholesale,"Since January 20, 2012, the NYC Department of Health and Mental Hygiene does not issue a permit for Manufacturing Frozen Desserts - Wholesale. This change is due to updates in the NYC Health Code."
Permit to Receive And/Or Process Milk and Milk Products (Part 2 Permit),"You need a Permit to Receive And/Or Process Milk and Milk Products to pasteurize milk or manufacture dairy products in New York State. This permit is also called a ""Part 2 Permit."" The New York State Department of Agriculture and Markets gives this permit."
Permit to Use a Hydrant,â˜' Approved by SBS/OTI
Permits for Movie Premieres and Screenings,"The Office of Film, Theatre and Broadcasting (OFTB) gives permits. These permits are for red carpet, film, TV and theatre events. The events must be on public property. This includes City streets, sidewalks or parks."
Pesticide Commercial (Sale of Restricted Pesticides) Permit,You need a Commercial Pesticide Permit to sell or distribute restricted pesticides. The New York State Department of Environmental Conservation (DEC) issues this permit.
Pesticide Use of Chemicals for the Control or Elimination of Aquatic Insects Permit,This permit lets you use chemicals to control or get rid of biting aquatic insects. These insects include mosquitoes and black flies. You need this permit to use chemicals in any waters in New York State. The State Department of Environmental Conservation gives out this permit.
Pesticide Use of Chemicals for the Control or Elimination of Aquatic Vegetation Permit,This permit lets you use chemicals to control or remove aquatic vegetation in New York State. The State Department of Environmental Conservation gives this permit.
Regulated Medical Waste (RMW) Facility Permit,Businesses need a permit to build a regulated medical waste (RMW) facility. This permit comes from the New York State Department of Environmental Conservation (DEC).
Required Motion Picture & Television Permit,"This permit lets you film in public locations and park production vehicles in public places. You can use it in 300 square miles of public settings in the City. This includes 27,000 acres of City parks."
Restricted Area Mobile Food Vending Permit,This permit lets you sell food from a mobile unit on private property. The property must be in a commercially zoned area. You can also sell food on property under the jurisdiction of the NYC Department of Parks & Recreation. This permit is exempt from the statutory limits which apply to public street vending.
Scavenger Waste Permits,"If your business will transport scavenger waste that will need to be discharged into the New York City sewer system, you need a Scavenger Waste Discharge Permit from the New York City Department of Environmental Protection (DEP)."
Shelter for Homeless Animals Permit,"An Animal Shelter or Shelter for Homeless Animals is a place for homeless, stray, abandoned or unwanted animals. These animals are received, harbored, maintained, made available for adoption, returned to their owners or disposed of in other lawful ways."
"Shows, Permit to Operate",This permit lets a promoter run events like:
Sidewalk and Roadways Construction Permits (general),"A licensed professional, like a contractor or engineer, usually handles this permit. Property owners are required to maintain sidewalks, or provide sidewalks in the case of new construction, for public use."
Sidewalk Crossing Permit,You need a permit from the Department of Transportation (DOT) to drive a vehicle or motorized equipment across a sidewalk without an approved driveway or dropped curb cut. This is needed to deliver or remove construction material or equipment.
Small Animal Boarding Establishment Permit,"A small animal boarding place is where animals stay for a fee. This includes places where animals are sheltered, harbored, maintained, groomed, fed or given water. If you run such an establishment, you need a permit from the Department of Health and Mental Hygiene (DOHMH)."
Small Animal Grooming Establishment Permit,"A place where owners bring their pets for bathing, dipping, clipping, combing or cleaning for the purpose of improvement of the animal's appearance and/or wellbeing for a fee needs a permit. This permit is from the Department of Health and Mental Hygiene (DOHMH)."
Small Animal Training Establishment Permit,"If you train small animals for money, you need a permit from the Department of Health and Mental Hygiene (DOHMH)."
Special Event Permit,Businesses need a Special Event Permit to sell alcohol in ways not covered by their license. These include:
Special Hauling Permit,Big vehicles need a Special Hauling Permit to drive on the New York State Thruway. You must get the permit before using the Thruway.
Special Hauling Trip and Annual Oversize/Overweight Loads Permit,You need a Special Hauling Permit to move very heavy items. This permit comes from the New York State Department of Transportation (NYSDOT).
Special Theatrical Rifle / Shotgun Permit,"You need a Special Theatrical Rifle / Shotgun Permit to use rifles or shotguns in TV, movie, stage, theater or similar productions. Professional photographers also need this permit for photo sessions."
Street Activity Permit,The Street Activity Permit Office (SAPO) in New York City gives permits for events. These events include:
Street Tree Planting Permit,"To plant a tree in New York City, you need a Tree Planting Permit. You also need to hire a landscape contractor."
Tandem Trailer Permit,"This permit lets you drive long combination vehicles (LCV) on the New York State Thruway. These vehicles are also called ""tandem trailers."""
Tanning Indoor Facility Permit,"You need a permit to run a place where ultraviolet (UV) radiation devices (tanning machines) are used, offered or made available for use and for which a fee is charged either directly or indirectly. This rule is from the NYC Department of Health and Mental Hygiene (DoHMH)."
Temporary Food Service Establishment Permit,"You need a permit to make and serve food at a temporary special event. This includes food from booths, stands, kiosks, vehicles or carts."
"Temporary Residence, Permit to Operate","If you run a hotel, motel, guesthouse or any place that gives shelter to more than 10 people for over 60 hours a year, you need a Permit to Operate a Temporary Residence."
Temporary Street Fair Vendor Permit,"As of August 30, 2024, you do not need a temporary vendor permit from the Department of Consumer and Worker Protection (DCWP) to be a street fair vendor."
Tree Work Permit,"You need a Tree Work Permit to work on or within 50 feet of a street tree. This rule is for everyone. It includes people, businesses and contractors. It applies to trees on New York City property."
Warehouse Permit,"The New York State Liquor Authority (SLA) gives out Warehouse Permits. These permits let businesses store alcohol in a different place from where they sell it. To get a Warehouse Permit, you need:"
Waste Transporter Permit,A Waste Transporter Permit lets a business move waste by vehicle in New York State. The State Environmental Conservation Department gives this permit.
Waterfront Construction Work Permits,You need a permit to build or fix any structure on City-owned waterfront property. This includes:
Well Water Permit,"You need a permit from the Department of Health and Mental Hygiene to install, drill, replace or use a water well in New York City. This includes water well pumps and well pumping equipment. The permit is for both potable (drinking) and non-potable (not for drinking) wells. You can use one application for both."
Wetlands Permit,"You need a Wetlands Permit to build, dredge or clear land in or near wetlands. The New York State Department of Environmental Conservation (DEC) gives this permit."
Wine and/or Liquor Auction Permit,This permit lets businesses hold up to 12 wine or liquor auctions each year. The New York State Liquor Authority (SLA) gives this permit.
Air Facility Registration,"Businesses that release pollutants into the air need permits from the New York State Department of Environmental Conservation (DEC). If your business emits low levels of pollutants, you must register as an Air Facility."
Alcohol Dealer Registration,"All stores, restaurants and bars that sell beer, wine or liquor must register with the United States Department of the Treasury's Alcohol and Tobacco Tax and Trade Bureau."
Apple Storage (Controlled Atmosphere Refrigerated Facility Registration),"In New York State, apples labeled ""controlled atmosphere"" must be stored in special conditions. These rules come from the New York State Department of Agriculture and Markets."
Athlete Agent Registration,"If you want to recruit student athletes, you must register with the New York State Department of State (NYSDOS)."
Beekeeper Registration,â˜' Approved by agency
Chain Store (Cigarette) Registration,Chain stores that sell cigarettes can register with the New York State Department of Taxation and Finance (DTF). Registering lets stores sell cigarettes at lower prices.
Cigarette and Tobacco Product Sales as a Retail Dealer Registration,"If you sell cigarettes, you must register your business with the New York State Department of Taxation and Finance (DTF)."
Cigarette and Tobacco Product Sales Vending Machine Registration,"If your business sells cigarettes through vending machines, you must register with the New York State Department of Taxation and Finance (DTF). Each machine needs its own registration. You must register every year."
Collateral Loan Broker's Registration Statement,"Collateral loan brokers, also known as pawn shops, must register with the New York State Comptroller."
Commercial Vehicle Registration,"If you use a vehicle for business, you need to register it in New York State with the New York State Department of Motor Vehicles (DMV)."
Controlled Substances Registration,Businesses that handle controlled substances must register with the U.S. Drug Enforcement Administration (DEA). Controlled substances include drugs and medicines for treating animals or humans.
Cooling Tower Registration,"Building owners and property managers must register cooling towers, fluid coolers and evaporative condensers with the City. If you have any of this equipment, you need to register through the NYC Health Department at Cooling Tower Registration. This is required by Local Law 77 of 2015, effective August 18, 2015."
"Dealer Registration - Motor Vehicles, Motorcycles or Trailers, Official Business Certificate","This registration lets a business buy, sell or deal motor vehicles, motorcycles or trailers over 1,000 pounds. Businesses must register with the New York State Department of Motor Vehicles (DMV)."
Deposit Initiator Registration (Bottle Deposits),"In New York State, businesses that sell bottled drinks must collect a $0.05 deposit on each bottle. The New York State Department of Taxation and Finance (DTF) enforces this rule."
Drugs or Devices Wholesaler Registration,"If you want to sell drugs or medical devices in New York State, you need to register with New York State. Medical devices include things like:"
Electronic Cigarette Retail Store Registration,"All stores that sell electronic cigarettes must register with the Department of Health and Mental Hygiene (DOHMH). This is required by the Smoke Free Air Act. Once you register, you can sell electronic cigarettes in your store. You only need to register one time. There is no fee to register."
Family Day Care Registration,Family Day Care offers child care in a family home. This care is for more than three hours per day per child. It can include:
Fleet Registration,"If you run a business with big trucks or other large commercial vehicles (that is, weighing over 10,000 pounds), you need to register them with the U.S. Department of Transportation (USDOT)."
Fund Raising Professional Registration,"If you raise money for charities and get paid for it, you need to register with the New York State Attorney General."
Guard Dog Registration,You need to register all guard or attack dogs. This is for both businesses and individuals. Guard dogs are trained to:
Halal Certifiers and Products Certified Registration,"If you run a business that makes or sells Halal food, you need to register with the New York State Department of Agriculture and Markets."
Hearing Aid Business Registration,"If you sell hearing aids or hearing aid services, you must register with the New York State Department of State."
"Itinerant Vehicle Collector, Official Business Registration","If you buy and sell unusable vehicles for scrap, you must register with the New York State DMV."
Kosher Food Registration,"If you have a business that makes or sells kosher food, you need to register with the New York State Department of Agriculture and Markets."
"Limited Liability Partnership (Foreign), Notice of Registration",Limited liability partnerships (LLPs) from outside New York State can register with the New York State Department of State (NYSDOS).
Limited Service Laboratory Registration,Labs that only do certain clinical tests can register as Limited Service Laboratories. They register with the New York State Department of Health (NYSDOH).
Market Business Registration,You need Market Business Registration if you provide goods or services to wholesalers or retail purchasers at a New York City public wholesale market. A market business includes services like security within a market. Market Business Registrations expire every three years.
"Mobile Lasers and Laser Installation, Registration of",You must register all high- and low-intensity lasers with the New York State Department of Labor. A certified person must make sure the lasers are safe.
Money Services Business Registration,Money services businesses (MSBs) must register with the Financial Crimes Enforcement Network (FinCEN). FinCEN is part of the U.S. Treasury Department.
Mortgage Banker Branch Registration,"If a business wants to offer loans as a mortgage banker, it must register with the New York State Department of Financial Services (DFS)."
Mortgage Broker Registration,"If you work with mortgage loans in New York, you need to register with the New York State Department of Financial Services (DFS). This rule is for businesses that:"
Newsrack Registration Form,"The Department of Transportation (DOT) manages newsracks on City sidewalks. A newsrack is a box where you can get newspapers or other written material. These boxes can be self-service or coin-operated. If you own a newsrack, you must register it with DOT before placing it on the sidewalk."
Pesticide Business and Agency Registration,Businesses that use pesticides must register with the New York State Department of Environmental Conservation (DEC).
Pet Food and Specialty Pet Food Registration,"If you make or sell pet food in New York State, you need to register each brand or type. This helps keep pets, people and the pet industry safe. It also makes sure labels are correct and complete."
Petroleum Bulk Storage Registration,Businesses that store petroleum or petroleum products must register with the New York State Department of Environmental Conservation (DEC).
Pharmacy Registration,Pharmacies must register with the New York State Education Department (NYSED). This must happen before a pharmacy can give out drugs and devices.
Professional Employer Organization Registration,You must register your professional employer organization with the New York State Department of Labor (NYSDOL).
Registration for Demolition Form AR299/300,"If you want to demolish a building, structure, facility or installation, you must fill out the Registration for Demolition Form AR 299/300. You need to send it to the New York City Department of Environmental Protection (DEP). Do this 10 days before you start the demolition."
Registration for Funeral Directors in NYC,"Funeral directors in New York City need a license from the New York State Bureau of Funeral Directing. They also need to register with the New York City Department of Health and Mental Hygiene (DOHMH), Office of Vital Records, Burial Desk."
Registration for the removal of Construction and Demolition Debris (C&D Registration),"You need a Class 2 Registration to remove only waste from building demolition, construction, alteration or excavation. This registration is also called an Exemption from Licensing Requirements. The registration expires every two years from the date of approval."
Retailer of Non-Highway Diesel Motor Fuel,"If you sell diesel fuel for off-road use in New York State, you must register with the New York State Department of Taxation and Finance (DTF)."
"Salvage Pool, Official Business Registration","If you sell junk cars or big car parts, you must register. You need to sign up with the New York State DMV."
School Age Child Care Registration,"School-age Child Care programs offer childcare in a non-residential location. These programs care for seven or more children under 13 years old. They run during the school year such as before and after school, during lunch periods and on school holidays. They also may run when schools are not in session, like in the summer. Children in kindergarten or higher grades can join."
School-Based Child Care Certificate (Notice of Filing),A School-Based Child Care (SBCC) program provides care for more than six children who are 3-5 years old. These programs are in a City school or are otherwise affiliated with a school.
Security Guard Registration,"To be a security guard in New York State, you must register with the New York State Department of State (NYSDOS). This is for both armed and unarmed security guards."
Self Hauler Registration,You need a Class 1 Self Hauler Registration if you or your business removes its own waste. This does not include construction and demolition debris.
Smoke Free Air Act Exemption - Register a Tobacco Event,You need to register a tobacco promotion event with the New York City Department of Health and Mental Hygiene (DOHMH). A tobacco promotion event is where people can sample and promote tobacco products. Food and drinks may also be served.
Smoke Free Air Act Exemption Registration - Membership Organizations,Membership organizations that want to be exempt from the 2002 Smoke Free Air Act must apply to register with the New York City Department of Health and Mental Hygiene (DOHMH).
Snowmobile Dealer Registration,This registration lets you sell snowmobiles. You can sell them at wholesale or retail. A snowmobile is a vehicle with tracks for travels over snow in winter conditions.
Surety Bond Registration,Surety bonds help make sure projects get done. The Bureau of the Fiscal Service (BFS) handles surety bonds across the country. The BFS is part of the Department of the Treasury. Companies must apply to the BFS if they want to:
Telemarketer Registration,"If you run a telemarketing business in New York, you must register with the New York State Department of State (NYSDOS). Your employees do not need to register."
"Ticket Distributor Registration, Original",Ticket distributors at entertainment places must sign up with the New York State Attorney General's Office. This rule is only for for-profit businesses.
Tobacco Retail Store Registration,"All stores that sell tobacco must register with the Department of Health and Mental Hygiene (DOHMH). This is a rule from the Smoke Free Air Act. After you register, you can allow smoking on your premises. You only need to register once and there is no fee."
Trade Waste Broker Registration,You need a Class 2 Trade Waste Broker Registration if you help people in New York City find waste services for a fee. This includes businesses that evaluate or analyze waste and suggest cost-efficient ways to get rid of it. The registration lasts for two years.
"Vehicle Dismantler, Official Business Registration","If you take apart vehicles, you must register with the New York State Department of Motor Vehicles (DMV)."
Water Well Contractor Registration,"In New York State, businesses must register every year to drill water wells. They do this with the New York State Department of Environmental Conservation (DEC)."
Wholesale Business Registration,You need a Wholesale Business Registration to sell in a New York City public wholesale market. This is for businesses that sell food or related agricultural/horticultural products at wholesale prices. These products are for other businesses to resell. The registration lasts for three years.
"X-Ray Machines and Particle Accelerators for Non-Human Use, Registration of",Businesses that use machines with radiation need a safety expert. They must also register their equipment with New York City and State.
Adult Care Facility - Assisted Living Program,Assisted living programs in New York State must have a Certificate of Need to operate. This certificate comes from the New York State Department of Health (NYSDOH).
Adult Care Facility - Enriched Housing Program,Enriched housing programs need a special certificate to operate in New York State. This certificate comes from the New York State Department of Health (NYSDOH).
Application for Approval of Backflow Prevention Devices,"If you own a property, you need a backflow prevention device on every water service pipe that connects the drinking water supply and a possible source of contamination. This device stops dirty water from mixing with clean water. A licensed plumber or engineer can help you decide whether you need this device."
Bikes in Buildings Program,"The Bikes in Buildings program helps people who work in office buildings. If your building was built before November 18, 2009, and has at least one freight elevator, your employer can ask the building owner to let employees bring their bicycles inside."
Buildings Information System,The Buildings Information System (BISWeb) is the main database for the Department of Buildings (DOB). It gives real-time data to anyone with internet access.
Garbage and Recycling Collection for Professionals - Professional Fee Program,"The New York City (NYC) Department of Sanitation has a program. It helps licensed professionals like doctors, accountants and lawyers. This program is for garbage and recycling collection for those working in a residential building."
Grease Interceptor Information,"If you run a business that produces and disposes of fat, oil or grease (FOGs), like a restaurant, food processing establishment, hospital or day care and senior center, you need a grease interceptor. This system stops FOGs from clogging the city's sewer lines. It separates FOGs from wastewater."
Health Insurance,Health insurance helps you pay for health care. You can get health insurance from:
Immigration Assistance Services Requirements,People or businesses that help with immigration law for money must follow New York State Law.
Information About Construction Projects that Last More Than Three Months,The Office of Construction Mitigation and Coordination (OCMC) requires any large construction projects that last more than three months to put up informational signs at the site.
Information About Fire Alarms,"If you have a Certificate of Fitness (C of F) for Supervision of Fire Alarm Systems, you need to be at any building where a fire alarm system is installed."
Information About Impacting Trees,"If you want to remove, perform work on or perform any work within 50 feet of a street tree, you need a permit. Some examples of work are:"
Information About Landmarks,"A landmark is a special building, property or object with historical or artistic value. The Landmarks Preservation Commission (LPC) designates these landmarks."
"Information About Occupying, Repairing, Or Replacing Sidewalks, Roadways, or Curbs","In New York City, property owners must take care of the sidewalk next to their property, including the intersection corner quadrant, at their own cost."
Information About Pest Control,The City Health Department wants all businesses in New York City to prevent pest infestations. Pests can spread to other places and negatively impact the quality of life in a neighborhood. Building owners and tenants must prevent or address pest infestations on a property. Help is available for business owners to stop and get rid of pests.
Information About Sprinklers,All buildings with sprinklers must follow New York City Fire Department (FDNY) regulations. This includes buildings that will have a sprinkler system installed.
"Information About Sprinklers, Fire Alarms, and Standpipes","Buildings need fire alarms, fire suppression systems or standpipes. The type depends on the building's use or the construction code."
Information About Standpipes,Standpipes give firefighters water access inside a building.
Information About Water and Sewer Requirements,Businesses in New York City must pay for water and sewer services. These services come from the Department of Environmental Protection (DEP). This includes:
"Information for Use, Storage and Transfer of Explosives","The New York City Fire Department (FDNY) makes sure explosives are properly handled, stored, used and transported to keep everyone safe."
"Language Translation, Interpretation, and Apostille Information","Certified documents must meet state and federal rules to be valid. This rule applies to translations, notarizations, authentications and apostilles. This page explains how to get these documents for business use in New York State."
"NYC Parks Request for Bid (RFB): Pushcart, Mobile Food Unit or Food Cart",This guide helps you get a permit to run a mobile food unit in NYC parks. This includes:
NYC Parks Request for Proposal (RFP),"Requests for proposals (RFPs) are issued for a variety of NYC Parks concessions. These include snack bars, restaurants, golf courses, ice rinks, tennis facilities, stables and marinas."
Oil and Water Separators,Oil and water separators are important for places like:
Revocable Consent Petition,"If you intend to install a structure on, under, or over a City street or sidewalk, you must petition for a revocable consent."
Sand Interceptors,"Sand interceptors are needed at car and vehicle washes. They stop sand, grit, rocks and dirt from going into the sewer system. Car and vehicle washes make a lot of this waste. Without sand interceptors, the sewer system would receive unacceptable amounts of pollutants."
Street Cleaning Information for Film Productions,The New York City Department of Sanitation (DSNY) cleans streets for film productions. You can ask for cleaning before and after filming. There is a fee for this service.
Surety Bonds for Contractors,"A surety bond makes sure a contract gets completed if a contractor defaults. If a contractor can't finish a project, the surety company will find another contractor. If they can't, the client gets compensation for the loss."
Accepting Electronic Signatures,"In New York State, electronic signatures are equal to paper signatures. This is because of the Electronics Signatures and Records Act (ESRA). All businesses must follow this law."
Adult Care Facility - Adult Home,Adult homes and care facilities need a Certificate of Need to operate in New York State. This certificate must be filed with the New York State Department of Health (NYSDOH).
Adult Care Facility - Residence for Adults,"In New York State, homes that care for adults need a special certificate. This certificate is from the New York State Department of Health (NYSDOH)."
Air Code,"The goal of the New York City Air Pollution Control Code (Air Code) is to keep the air clean and safe. The City wants everyone to have air that is not harmful to life, health or enjoyment of their property."
ARCS Commissioning Test Report,The 2014 New York City Building Code states that new high-rise buildings need an Auxiliary Radio Communication (ARC) system. This system is only used by the New York City Fire Department (FDNY) to help them talk inside a building using radios.
Asbestos Rules and Regulations,"If you need to remove or handle asbestos, you must follow the federal, state and city rules. You must tell the New York City Department of Environmental Protection (DEP) at least seven days before you start."
ATM Owner / Operator Requirements,"If you own or run automated teller machines (ATMs), you must follow certain laws enforced by the New York State Department of Financial Services (DFS)."
Automotive Battery Collection and Recycling,"If you sell new lead-acid car batteries, you must accept old ones for recycling. This rule applies to stores and distributors."
Auxiliary Radio Communication System Application,An auxiliary radio communication system (ARCS) is a wireless two-way building communication system. It is for New York City Fire Department (FDNY) use only. It helps firefighters talk inside a building.
Best Management Practices Plans (BMPPs) for Persons Discharging Total Silver Halide Process Wastewater to the Public Sewer System,"If you or your business sends total silver halide process wastewater to the public sewer system, you must follow the rules. These rules are in Title 15 of the Rules of the City of New York (RCNY) Section 19-07. This wastewater comes from any silver halide imaging process."
Best Management Practices to Reduce Stormwater Pollution,"Best Management Practices (BMPs) to reduce stormwater pollution help keep NYC water clean. They are part of a plan to stop dirty rainwater from getting into the city sewers from places that work on cars, including:"
Body Piercing and Tattooing Guidelines,The New York State Department of Health (NYSDOH) makes rules for tattooing and body piercing.
Brand Label Registration,"If you make and sell alcoholic drinks in New York State, you need to register your brand labels with the State Liquor Authority (SLA). This rule makes sure all drinks are safe to drink and meet labeling requirements."
Bureau of Fire Prevention Documents/Forms,The New York City Fire Department (FDNY) checks and controls the installation of equipment.
Business Owner Bill of Rights,"As part of New York City's commitment to provide New Yorkers with excellent customer service, the Mayor's Office and the City Council created a Business Owner's Bill of Rights."
Calorie Posting,"New York City has rules for restaurants to post calorie information. If a restaurant has 15 or more locations with the same name or owner, they must show calorie information on their menus and menu boards. This rule applies if the food is made the same way and in the same size."
Cell Phone Collection and Recycling,"In New York State, any business that sells cell phones or cell phone plans must take old phones for recycling. They must accept all types of cell phones and must take up to 10 phones a year from each person."
Chemical or Oil Spill Reporting Requirement,"By law, you must report chemical or petroleum (gas or oil) spills to the New York State Department of Environmental Conservation (DEC)."
Clothing Rental/Sale Regulations,"If your business sells or rents clothes, you must follow hygiene and safety rules set by the New York State Department of State (NYSDOS)."
Commercial Bicyclist Regulations,"Do you run a business that uses bicycles? Do you hire people to ride bikes for work? If yes, you must follow the rules in Sections 10-157 and 10-157.1 of the New York City Administrative Code and in Section 4-08(p) of the Rules of the City of New York."
Commercial Vehicle Parking Information,"You need to pay to park a commercial vehicle in the City. Look for metered ""No Standing Commercial Vehicles Only"" zones. These rules are in effect Monday through Friday from 7 a.m. to 6 p.m. unless a sign says otherwise."
Commercial Vehicle Restrictions,This guide will help you learn the rules for commercial vehicles and trucks in New York City. You can find more details in Chapter 4 of the Rules of the City of New York.
Comprehensive Fire Safety and Emergency Action Plan,City Fire Department
Concept Proposal Tech Document,City Fire Department
Construction Industry Fair Play Act,The Fair Play Act protects anyone who works for a construction business. This law makes sure businesses give workers their rights.
Construction Noise Mitigation Plan,Construction sites must post a Construction Noise Plan. This plan should be complete and correct. It must be visible at the site all the time.
Construction Noise Regulations,"The Construction Noise Regulation is part of the Noise Code in New York City. It is in Title 15 Rules of the City of New York (RCNY) Chapter 28. The Noise Code sets policies and standards for managing noise in the City. The Construction Noise Regulation includes extra strategies, methods, procedures and technology to reduce noise at construction sites. These steps help lessen the noise impact in areas where construction happens."
Consumer Protection Law,"The New York City Department of Consumer and Worker Protection (DCWP) can make rules to stop practices it sees as deceptive or unfair under the Consumer Protection Law (CPL). The New York City Consumer Protection Law stops all ""deceptive or unfair trade practices."" This covers selling, leasing, renting or loaning any consumer goods and services and collecting consumer debts."
"Corporation (Foreign), Application for Authority","If your business is from another state and wants to operate in New York, you might need a Certificate of Authority from the New York State Department of State (NYSDOS)."
Doctor and / or Dentist Office,Doctor and dentist offices must follow rules from the New York State Department of Health (NYSDOH). These rules include:
"Dry Cleaning, Regulations on Perchloroethylene (Perc)","In New York State, dry cleaners must follow rules about a chemical called perchloroethylene, or ""perc."" The New York State Department of Environmental Conservation (DEC) makes sure these rules are followed."
E-Laws Employment Law Assistance for Workers and Small Businesses,The U.S. Department of Labor provides support to employers and workers about federal labor laws through online tools.
Election by a Small Business Corporation,"A small business can avoid double taxation by becoming an ""S corporation."""
Electronic Equipment Recycling and Reuse Act,"If your business sells or makes electronic devices, it must recycle electronic waste. You must tell customers how to collect and recycle this waste. Businesses cannot sell devices from companies without a recycling system. You must send yearly reports to the New York State Department of Environmental Conservation (DEC) through the E-Waste Online Registration and Reporting System."
Employee Disability Coverage,"In New York State, employers must give disability benefits to workers. This is for injuries or illnesses that happen off the job."
Employer Identification Number (EIN),Businesses need an Employer Identification Number (EIN) issued by the Internal Revenue Service (IRS).
Engineering Application and Amendment,"Engineering applications and amendments are for installing new technology; changing existing technology; storing, manufacturing or selling flammable materials; and getting permits defined by FC 105.1"
Equal Employment Opportunity Commission,The Equal Employment Opportunity Commission (EEOC) enforces federal laws against discrimination.
Facility Inventory Form FIF - Community Right-to-Know Program,"If your facility holds a hazardous substance at an amount at or above the threshold set by City regulations during the year, you must fill out a Facility Inventory Form. You also need to pay the fees. Some facilities must also send a risk management plan to the Department of Environmental Protection by March 1 every year."
Fire Alarm Application,"A fire alarm keeps people safe by detecting smoke, fire or carbon monoxide. When it does, it warns people and calls the Fire Department."
Fire Alarm Variance,"The City Fire Department needs fire alarm systems and auxiliary radio communication systems (ARCS) in buildings. These systems must follow the NYC Building Code, NYC Electrical Code, and NFPA 72 standard."
Fire Code Modification (Variance),Use Form BFP-MOD to ask the Fire Department for a change (variance) to any Fire Code or Fire Department Rule. This follows NYC Fire Code Section FC 104.8 and 3RCNY §104-01.
Fire Protection Plan,A fire protection plan is a document you give to the Fire Department of New York (FDNY). It shows that your building has fire safety and evacuation systems. These systems must follow the rules in Article 109 of the NYC Construction Codes.
Fire Safety and Evacuation Plans,"Fire Safety and Evacuation Plans help people leave a building safely during a fire. These plans also help firefighters understand the building. They show the building's layout, exits, fire hazards and important contacts."
Gas Authorization for Restaurants,"If you need to change, move or remove any gas pipes for your restaurant's cooking equipment, a Licensed Master Plumber must do the work. For range-hood (Ansul) systems, a Licensed Master Fire Suppression Piping Contractor must install and test them with an FDNY inspector."
Gasoline Transport Vehicles Requirements,"If you own or operate a vehicle that delivers gasoline to any gasoline dispensing site in New York City, you need a stage 1 vapor collection system. This system moves gasoline vapors from a tank into a vapor-tight holding system or an equivalent system. This rule applies to vehicles moving gasoline to or from any gasoline loading terminal or bulk plant."
HACCP Certification,Hazard Analysis Critical Control Point (HACCP) is a food safety risk management system. It stops food safety problems before they happen.
High Rise Residential Building (Non-Sequential Floor Numbering) BIC,The New York City Fire Code says building owners must file a Building Information Card (BIC). This is in Section FC408.9.4 and Fire Department rule 3 RCNY 408-01. The BIC must show non-sequential floor numbers in buildings 150 feet or taller. This is for buildings in Occupancy Group R-2.
Idling Regulations,"In New York City, you should not let your car engine idle for more than three minutes when parked, standing or stopping."
Information About Construction and Renovation,"Licensed professionals like architects, engineers and contractors need a construction permit. Business owners should know about the different permits needed for their projects."
Information About Escalators and Elevators,All elevators and escalators in New York City must be properly maintained and installed. The Department of Buildings' Elevator Division helps ensure the safe and proper use of elevators and escalators. They follow the New York City Building Code and the American Society of Mechanical Engineers standards.
Information About Hiring a Private Carter,"If you own a business in New York City, you need to have your waste removed by a private carter licensed by the Business Integrity Commission (BIC). There are over 200 licensed carters in New York City."
Information About Trans Fats,This information explains facts about products with artificial trans fatty acids (trans fats). It also talks about the New York City Health Code amendment that phases out artificial trans fats from all NYC restaurants and other food service establishments and how such establishments can follow the new regulation.
Interstate Compact on the Placement of Children,"The Interstate Compact on the Placement of Children (ICPC) allows agencies to place children with foster parents or programs in other states. The New York State Office of Children and Family Services (OCFS) enforces the ICPC. If you are an agent or agency doing interstate adoptions or fostering, you must follow these rules."
Labeling Requirements for Hazardous Substances,"If you store or use hazardous substances, you need to label them. This is required by the NYC Community Right-to-Know Law, New York City Administrative Code, Title 24, Chapter 7."
"Limited Partnership (Foreign), Application for Authority",Limited partnerships (LPs) from outside New York State can file for an application of authority with the New York State Department of State (NYSDOS).
Mammography Quality Standards Act Requirements,All places that do mammograms in the U.S. must follow the Mammography Quality Standards Act (MQSA).
Medical Waste Treatment Guidelines,"Regulated Medical Waste (RMW) comes from healthcare facilities. It can include blood, body fluids or other infectious materials. The New York State Department of Environmental Conservation (DEC) makes regulations for this waste."
Minimum Wage,"Starting January 1, 2025, the minimum wage in New York City is $16.50 per hour. The New York State Department of Labor (NYSDOL) manages wage rules in New York State. Businesses should check NYSDOL resources to know wage rules."
Motor Oil Regulations,The New York State Department of Environmental Conservation (DEC) has a rule that car service and retail shops must take used motor oil and fluids from people for free recycling.
Motor Vehicle Rental Law,Businesses that rent motor vehicles must follow certain laws. The New York State Attorney General enforces these laws.
Motor Vehicle Retail Leasing Laws,Businesses that lease vehicles must follow New York State laws.
Noise Code,"The Noise Code helps manage noise from commercial, cultural and manufacturing activities in New York City. It keeps noise levels lower for people who live here. The Noise Code sets policies and standards and sets rules as described in Local Law 113."
NY State Grades and Standards for Eggs,Eggs sold in New York State must show their grade on the package and in ads. The Department of Agriculture and Markets checks the grade and quality standards of eggs for sale.
NYC Indoor and Outdoor Dining Checklist,The NYC Indoor and Outdoor Dining checklist helps restaurants and bars by telling them what they need to do to serve food inside or outside. These rules are related to the Open Restaurants Program.
OATH Rules of Practice for the Administrative Hearing Process for Summons Cases,OATH's Hearings Division Rules of Practice tell you how to respond to summonses for hearings at the Office of Administrative Trials and Hearings (OATH).
Packaging and Transportation Requirements for Regulated Medical Waste,The U.S. Department of Transportation (USDOT) makes the regulations for disposing of medical waste. Businesses must follow these rules.
Paid Family Leave,"As of January 1, 2018, paid family leave is mandatory in New York State. Almost all employees are eligible, and employers must provide it to their employees."
Payroll and Tip Reporting,"If you run a large food or beverage establishment, you need to use Form 8027. This form reports payroll and tips to the IRS. It covers money from food or drink sales and tips that workers report."
Performance Based Design Document,Performance-based design documents are needed for special fire safety checks. These checks use computer programs. The programs study how fire and smoke move in a building. They help predict if a building can handle a fire. They also show if people can leave safely. The program used is called computational fluid dynamics (CFD) or other similar methods.
Plastic Bag Collection and Recycling,The State Environmental Conservation Department has rules about plastic bags. Stores that give out plastic bags must take them back for recycling or reuse.
Portable Fire Extinguisher Requirements,Fire extinguishers help keep us safe from fires. The Fire Department of New York (FDNY) has regulations about:
Private Sector Partnering with NYS Department of Motor Vehicles,Private companies can work with the New York State DMV. They need a contract to do this. They use a computer system connected to the DMV.
Professional Certification of Fire Alarm Systems,The Professional Certification of Fire Alarm Systems is a way to certify fire alarm installations without needing an inspection by the Fire Alarm Inspection Unit of the Fire Department of the City of New York (FDNY).
Prohibited Wild Animals,New York City does not allow people to have animals that are naturally inclined and capable of inflicting harm on people.
Public Assembly Place - Plans Examination Letter,"If you are building or fixing a place where many people gather, you need to get your plans approved. The New York State Department of Labor (NYSDOL) approves these plans."
Rangehood Fire-Suppression Systems,Rangehood fire-suppression systems help keep commercial kitchens safe. They are very important during the early stages of a fire.
Rechargeable Battery Collection and Recycling,"In New York State, stores that sell rechargeable batteries must take them back for recycling. You can bring up to 10 batteries per day to these stores."
Recycling and Waste Removal,"All businesses in New York City are required to recycle and dispose of all types of waste through a licensed carting company, or a registered carting company."
Resuscitation Equipment for Restaurants,"In accordance with Local Law 12, taverns and restaurants that sell food for on-premises consumption must have resuscitation equipment."
Rooftop Access,"Firefighters need rooftop operations to fight fires. Firefighters use rooftop operations to search buildings, send information, rescue people and ventilate rooftops. Rooftops must have enough space and access for these operations."
Rules Concerning the Use of Emissions Control Technology on Sightseeing Buses,"Sightseeing buses that are licensed by the Department of Consumer and Worker Protection (DCWP) must follow special rules to help keep the air clean. If a bus has an engine older than three years (as of 2007), it must use the Best Available Retrofit Technology (BART). This technology helps reduce the emission of pollutants into the air. Buses with engines that meet the 2007 emission standards already meet BART."
Rules on the Use of ULSDF and BART for Buses that Take Children To and From School,All school buses in New York City that use diesel fuel must follow special rules. These buses must use Ultra Low Sulfur Diesel Fuel (ULSDF) and the Best Available Retrofit Technology (BART). These rules help reduce air pollution.
"Safe Deposit Company, Acquisition by a Group of People of a",This rule lets people buy 10% or more of a safe deposit company's voting stock. The goal is to help the public interest.
Self-Storage Owner / Operator Affirmation and Bill of Sale,"In New York State (NYS), self-storage owners and operators must give an Affirmation and Bill of Sale. This is to get paid for unpaid storage of a vehicle or boat. The NYS Department of Motor Vehicles (DMV) enforces this rule."
Selling Food at Stalls and Farmer's Markets in New York State,"To sell food at a farmer's market in New York State, you must follow rules from the New York State Department of Agriculture and Markets. These rules are different from those for stores."
Sexual Harassment Training for All Employees,"Since October 9, 2018, all workers must get training on sexual harassment prevention. This includes part-time workers. Training must happen every year."
Shared Kitchens,Shared Kitchens are commercial food preparation facilities where new food retailers can use kitchen space and equipment to grow their businesses. This helps them develop their skills and create products without the high cost of operating their own kitchen.
Sharps Collection and Disposal Guidelines,"In New York State, hospitals and nursing homes, by law, must take discarded or unused sharps, needles and scalpels from patients."
Site Safety Supervision Requirements,Every construction site needs a person certified by the Department of Buildings on-site to supervise site safety.
Smoke Free Air Act - Information,The Smoke Free Air Act (SFAA) of 2002 helps keep New York City workers protected from the harmful effects of second-hand smoke. It makes almost all workplaces smoke-free. The New York State Clean Indoor Air Act (CIAA) of 2004 also limits smoking indoors.
State Pollutant Discharge Elimination System (SPDES),The State Pollutant Discharge Elimination System (SPDES) controls wastewater discharge. This program is from the New York State Department of Environmental Conservation (DEC).
Temporary Discharge of Groundwater into the City Sewer System,"If you are working on a construction project that will need to temporarily discharge groundwater to a sanitary, storm or combined sewer, lowering the groundwater table, you need to follow the Sewer Use Regulations in Title 15 of the Rules of the City of New York (RCNY) Chapter 19. This applies to all construction projects, no matter how big or small."
Tire Recycling Collection and Fee,Businesses that sell tires must collect a fee for tire recycling. The New York State (NYS) Department of Environmental Conservation (DEC) collects these fees.
Tow Truck Driver Examination,"In New York State, you need a special permit to drive tow trucks. The New York State (NYS) Department of Motor Vehicles (DMV) gives these permits. The type of permit depends on the size of the truck."
Truck Route Network,"Vehicles with two axles and six tires, or three or more axles, must follow the New York City Truck Route Network. This network is a series of roads that trucks must use to travel to their destination. Trucks should only leave the network at the intersection closest to an off-route destination."
Unemployment Insurance,Employers in New York State must pay taxes for unemployment insurance. This insurance gives money to workers who lose their jobs. The job loss must not be their fault. Not all workers can get this insurance.
Waste Removal and Recycling,"Every business in New York City must use a private carter to get rid of waste, organics and recyclables."
Wastewater Quality Control Application,"If your building project needs to temporarily discharge groundwater to a sanitary or combined sewer as a result of a construction project lowering the groundwater table, regardless of the size of the construction project, you must follow the Sewer Use Rules in Title 15 of the Rules of the City of New York (RCNY) Chapter 19."
Workers' Compensation Insurance,All businesses in New York State must have workers' compensation insurance. This rule includes part-time workers and family members who work for the business.
Zoning Information,Zoning regulations govern how space and land are used in New York City. They determine:
Zoning Requirements,"The NYC Zoning Resolution determines the allowable size and use of buildings, where they are located and the densities of the City's neighborhoods. The city has three main zoning areas:"
Project Informational Signs,"If a Department of Transportation (DOT) permitted construction project lasts three months or more, you must post informational signs at the worksite."
Required Posters and Signs for Restaurants,"City, State and federal rules say businesses must post certain signs. Use the NYC Checklist for Required Signs for Restaurants and Bars to find the signs you need."
Restaurant Wheelchair Friendly Decal,"Food service establishments that qualify can get a Wheelchair Friendly decal to post at the front of their business. To get the sticker, you must fill out a survey. The survey will ask if your place is wheelchair accessible."
Storefront Sign Requirements,"If your sign is not illuminated and is six square feet or less, you do not need a permit. If it is painted on a wall, you also do not need a permit. But, you must follow local zoning regulations for signs."
Banking Corporation Tax,The Banking Corporation Tax in New York City applies to federal S-corporations and their subsidiaries that do banking business in New York City. This tax also applies to S-corporations owned by a bank or its holding company and engaged in banking business.
Commercial Motor Vehicle Tax (CMVT),The Commercial Motor Vehicle Tax (CMVT) is an annual tax that owners and long-term lessees pay on commercial vehicles that operate in the City.
Commercial Rent Tax,"The Commercial Rent Tax is a tax for businesses in Manhattan, south of the center line of 96th Street. You must pay this tax if your rent is at least $250,000 each year."
Election to be Treated as a New York S Corporation,"Your business can register as an ""S corporation"" for New York State taxes, letting shareholders report corporate income on their own tax returns."
Empowerment Zone Section 179 Deduction,"Some businesses in Empowerment Zones (EZs) can deduct an extra $35,000 on top of the standard IRS Section 179 deduction. This deduction is for the cost of qualifying property."
Film Production Tax Credit,The Film Production Tax Credit gives back 25 percent of the money spent on making movies in New York State. There is no limit to how much you can get back.
Fuel Use Tax / Highway Use Tax,TEST New York State has taxes for fuel use and highway use.
General Corporation Tax (GCT),All S corporations and qualified S subsidiaries in New York City must pay the General Corporation Tax (GCT) if they are:
Hotel Room Occupancy Tax,"The Hotel Room Occupancy Tax is a tax you pay when you stay in a hotel. A ""hotel"" can be an apartment, hotel, motel, boardinghouse, bed-and-breakfast, bungalow or club. It doesn't matter whether meals are served. If you stay in a room in a hotel, you have to pay this tax."
Liberty Zone Sales and Use Tax Exemption,The Liberty Zone Sales and Use Tax Exemption assists businesses in neighborhoods affected by the September 11 attacks.
Lower Manhattan Commercial Rent Tax Reduction,"This benefit lowers the rent amount subject to the Commercial Rent Tax (CRT). Non-profit companies and businesses with yearly leases under $200,000 do not pay this tax, so they are not eligible for the CRT Special Reduction."
Lower Manhattan Sales and Use Tax Exemption,"Businesses in Lower Manhattan can get sales tax exemptions on some expenses. Lower Manhattan is the area south of Murray Street, between South and West Streets. The exemption is for improvements to commercial property."
Mortgage Recording Tax,"You pay a tax when you record a mortgage for property in New York City. The New York City Register's Office collects this tax for all boroughs except Staten Island. In Staten Island, the Richmond County Clerk collects the tax."
Motor Vehicle Use Tax,"When you register a passenger vehicle in New York State, you must pay a vehicle use tax. This rule is for both businesses and people."
New York City Payroll Tax,"People, trusts and estates must pay the New York City Personal Income Tax if they earn money in the City. The New York State Department of Taxation and Finance (DTF) collects this tax."
Real Estate Transfer Tax,This New York State tax applies to all transfers of real estate worth more than $500.
Real Property Capital Improvements and Repairs,"The New York State Department of Taxation and Finance manages sales tax on work done on real property. If the work is a capital improvement, it does not have sales tax. But installation, repair and maintenance work does have sales tax."
Real Property Income and Expense (RPIE),"If you own a property that makes money and has an actual assessed value of more than $40,000, you need to file a Real Property Income and Expense (RPIE) statement every year. Some properties do not have to do this by law."
Real Property Tax Information,"If you own a building for business, you must register with the Department of Finance. This helps you learn how to pay property taxes."
Real Property Transfer Tax,"You must pay the Real Property Transfer Tax (RPTT) when you sell, grant, assign, transfer or surrender real property in New York City. This includes selling or transferring at least 50 percent of ownership in a corporation, partnership, trust or other entity that owns or leases property. It also includes transfers of shares in cooperative housing."
"Retail Beer, Wine and Liquor Tax","Businesses in New York City that sell beer, wine or liquor must pay a special tax. These businesses need a license from the New York State Liquor Authority."
Sales Tax Exemption Certificate,Businesses in New York can get certificates to avoid paying sales tax on some items. The New York State Department of Taxation and Finance (DTF) gives out these certificates.
Sales Tax Exemption for Manufacturers,Manufacturers in New York City can avoid paying some sales taxes.
Sales Tax on Processed Food,Most food sold in New York State is not taxed. But there are some exceptions.
Sales Tax Vendor Registration (Certificate of Authority),"If you have a business that sells tangible personal property or services in New York State, you need a Certificate of Authority. This certificate lets you collect sales tax. The New York State Department of Taxation and Finance (DTF) gives out these certificates."
Section 179 Deduction,"The Section 179 Deduction is a tax benefit for businesses. The IRS manages this benefit. If your business buys or leases less than $2.5 million in equipment, you can qualify for this deduction."
Special Occupation Tax Registration,All tobacco-related businesses must file Form 5630.5t with the Alcohol and Tobacco Tax and Trade Bureau (TTB). This tax was once called the Special Occupation Tax. Alcohol-related businesses must also register with the TTB.
Tax Return Preparer/Facilitator Registration Certificate,Tax return preparers must register every year with the New York State Department of Taxation and Finance (DTF).
Unincorporated Business Tax (UBT),The Unincorporated Business Tax (UBT) is for some businesses in New York City.
Yonkers Resident Withholding Tax,People who live in Yonkers must pay the Yonkers Resident Withholding Tax. This tax is taken out of their paychecks.
Accreditation of Training Course for Refrigerating System Operating Engineer,"Schools, teachers or programs that offer courses to train or qualify individuals for a Certificate of Fitness for Refrigerating System Operating Engineer must be approved by the New York City Fire Department (FDNY)."
Animal Care and Handling Course,"If you own a pet shop or a business that sells, grooms or boards cats, dogs or other small animals, you need someone with a Certificate in Animal Care and Handling on duty when your business is open. This is required by the NYC Health Code."
Asbestos Safety Training Program Approval,"Businesses that teach people how to handle asbestos need approval from the New York State Department of Health (NYSDOH), proving that the business follows state rules."
Carriage Handling Course,The Horse Drawn Carriage Operator's Course is offered by the Department of Health and Mental Hygiene's Health Academy.
"Curriculum or a Course of Study, Approval of","Schools need their courses approved. This includes business, trade and public schools. The New York State Education Department (NYSED) approves them."
"Engineering or Land Surveying Services, Certificate of Authorization to Provide Professional","If you want to offer professional engineering and/or land surveying services in New York State, you need a certificate from the New York State Education Department (NYSED). Certification is valid for three years."
Food Protection Course for Mobile Vendors,The Food Protection Course for Mobile Food Vendors teaches you how to keep food from New York City's food carts and trucks safe.
Home Health Aide Training Program Approval,"To train home health aides, programs need a certificate from the New York State Department of Health (NYSDOH)."
Infection Control Course for Tattoo Artists,"To get a Tattoo Artist License, you must successfully complete the Infection Control Course. This course is three hours long. It happens twice a month. The Department of Health and Mental Hygiene's (DOHMH) Health Academy runs the course. After you finish the course and pass the final written exam, you will get your Tattoo Artist License from the Citywide Licensing Center."
Real Estate Course Approval,"Courses for real estate brokers, appraisers and salespeople need approval from the New York State Department of State (NYSDOS). Schools, groups and colleges can offer these courses."
Swimming Pool Operation Technology Course,"In New York City, you need a Pool Operator Certificate to run a pool. This is for places like health clubs, apartment buildings and hotels. This certificate shows you know how to safely operate and maintain pool treatment equipment. You can find a list of approved courses and providers on the New York State Department of Health website."
Administrative Hearings Held at OATH's Hearings Division,The OATH Hearings Division is part of the NYC Office of Administrative Trials and Hearings (OATH). Hearing Officers at OATH hear cases about summonses which charge someone broke a City rule or law.
Correcting and Responding to Violations,A Fire Department of New York (FDNY) violation means a property is not in compliance with the New York City Fire Code and Fire Department Rules and Regulations.
Department of Buildings Violations Information,"The NYC Construction Codes require owners to build and keep their properties safe. Inspectors from the Department of Buildings (DOB) issue violations and Office of Administrative Trials and Hearings (OATH) Summonses when a property or construction does not follow these codes, the Zoning Resolution, and other laws."
Fleet Program,The Department of Finance's fleet programs help businesses manage parking tickets online.
NYC Delivery Solutions: the Stipulated Parking Fine Program,Businesses that make deliveries can pay parking tickets at a lower cost by giving up their right to a hearing.
Settle a Food Service Establishment Violation,The Office of Administrative Trials and Hearings (OATH) helps food service establishments settle violations. These violations are given by a Department of Health inspector. The settlement offer is less than the minimum penalty recommended for all the violations found by the inspector.
Mobile Food Vendor Permit - Temporary (Seasonal),"If you want to prepare and serve food from a cart or truck, you need a Mobile Food Vendor (MFV) permit. This permit lets you sell food from April 1 to October 31 each year."
